CREATE TABLE vehicles (
  id serial primary key,
  name varchar not null
);

INSERT INTO vehicles(id, name)
  VALUES (1, 'Apollo11'),
         (2, 'Apollo12'),
         (3, 'Apollo14'),
         (4, 'Apollo15'),
         (5, 'Apollo16'),
         (6, 'Apollo17'),
         (7, 'Apollo9'),
         (8, 'GeminiIV'),
         (9, 'GeminiIX-A'),
         (10, 'GeminiVIII'),
         (11, 'GeminiX'),
         (12, 'GeminiXI'),
         (13, 'GeminiXII'),
         (14, 'Incr-12'),
         (15, 'Incr-13'),
         (16, 'Incr-14'),
         (17, 'Incr-15'),
         (18, 'Incr-16'),
         (19, 'Incr-24'),
         (20, 'Incr-4'),
         (21, 'Incr-6'),
         (22, 'ISSIncr-10'),
         (23, 'ISSIncr-11'),
         (24, 'ISSIncr-12'),
         (25, 'ISSIncr-13'),
         (26, 'ISSIncr-14'),
         (27, 'ISSIncr-15'),
         (28, 'ISSIncr-17'),
         (29, 'ISSIncr-18'),
         (30, 'ISSIncr-19'),
         (31, 'ISSIncr-2'),
         (32, 'ISSIncr-22'),
         (33, 'ISSIncr-24'),
         (34, 'ISSIncr-25'),
         (35, 'ISSIncr-26'),
         (36, 'ISSIncr-28'),
         (37, 'ISS-Incr28duringSTS-135/ULF7'),
         (38, 'ISSIncr-3'),
         (39, 'ISSIncr-30'),
         (40, 'ISSIncr-32'),
         (41, 'ISS-Incr32'),
         (42, 'ISSIncr-35'),
         (43, 'ISSIncr-36'),
         (44, 'ISSIncr-4'),
         (45, 'ISSIncr-5'),
         (46, 'ISSIncr-8'),
         (47, 'ISSIncr-9'),
         (48, 'Skylab2'),
         (49, 'Skylab3'),
         (50, 'Skylab4'),
         (51, 'Soyuz12'),
         (52, 'Soyuz26Salyut6'),
         (53, 'Soyuz29Salyut6'),
         (54, 'Soyuz32Salyut6'),
         (55, 'Soyuz4&5'),
         (56, 'SoyuzT-10Salyut7'),
         (57, 'SoyuzT-12Salyut7'),
         (58, 'SoyuzT-13Salyut7'),
         (59, 'SoyuzT-15Salyut7'),
         (60, 'SoyuzT-5Salyut7'),
         (61, 'SoyuzT-9Salyut7'),
         (62, 'SoyuzTM-10Mir'),
         (63, 'SoyuzTM-11Mir'),
         (64, 'SoyuzTM-12Mir'),
         (65, 'SoyuzTM-13Mir'),
         (66, 'SoyuzTM-14Mir'),
         (67, 'SoyuzTM-15Mir'),
         (68, 'SoyuzTM-16Mir15'),
         (69, 'SoyuzTM-17Mir16'),
         (70, 'SoyuzTM-18Mir17'),
         (71, 'SoyuzTM-19Mir18'),
         (72, 'SoyuzTM-20Mir19'),
         (73, 'SoyuzTM-23Mir21'),
         (74, 'SoyuzTM-24Mir22'),
         (75, 'SoyuzTM-25Mir23'),
         (76, 'SoyuzTM-26Mir24'),
         (77, 'SoyuzTM-27Mir25'),
         (78, 'SoyuzTM-28Mir26'),
         (79, 'SoyuzTM-29Mir27'),
         (80, 'SoyuzTM-2Mir'),
         (81, 'SoyuzTM-30Mir28'),
         (82, 'SoyuzTM-4Mir'),
         (83, 'SoyuzTM-7Mir'),
         (84, 'SoyuzTM-8Mir'),
         (85, 'SoyuzTM-9Mir'),
         (86, 'SoyuzTM-XMir20'),
         (87, 'STS-100/6A'),
         (88, 'STS-101/2A.2a'),
         (89, 'STS-102/5A.1'),
         (90, 'STS-103/HST-3A'),
         (91, 'STS-104/7A'),
         (92, 'STS-105/7A.1'),
         (93, 'STS-106/2A.2b'),
         (94, 'STS-108/UF1'),
         (95, 'STS-109/HST-3B'),
         (96, 'STS-110/8A'),
         (97, 'STS-111/UF2'),
         (98, 'STS-112/9A'),
         (99, 'STS-113/11A'),
         (100, 'STS-114/LF1'),
         (101, 'STS-115/12A'),
         (102, 'STS-116/12A.1'),
         (103, 'STS-117/13A'),
         (104, 'STS-118/13A.1'),
         (105, 'STS-119/15A'),
         (106, 'STS-120/10A'),
         (107, 'STS-121/ULF1.1'),
         (108, 'STS-122/1E'),
         (109, 'STS-123/1JA'),
         (110, 'STS-124/1J'),
         (111, 'STS-125/HST4'),
         (112, 'STS-126/ULF2'),
         (113, 'STS-127/2JA'),
         (114, 'STS-128/17A'),
         (115, 'STS-129/ULF3'),
         (116, 'STS-130/20A'),
         (117, 'STS-131/19A'),
         (118, 'STS-132/ULF4'),
         (119, 'STS-133/ULF5'),
         (120, 'STS-134/ULF6'),
         (121, 'STS-31'),
         (122, 'STS-37'),
         (123, 'STS-41B'),
         (124, 'STS-41C'),
         (125, 'STS-41G'),
         (126, 'STS-49'),
         (127, 'STS-5'),
         (128, 'STS-51'),
         (129, 'STS-51A'),
         (130, 'STS-51D'),
         (131, 'STS-51I'),
         (132, 'STS-54'),
         (133, 'STS-57'),
         (134, 'STS-6'),
         (135, 'STS-61B'),
         (136, 'STS-61/HST-1'),
         (137, 'STS-63'),
         (138, 'STS-64'),
         (139, 'STS-69'),
         (140, 'STS-72'),
         (141, 'STS-76'),
         (142, 'STS-80'),
         (143, 'STS-82/HST-2'),
         (144, 'STS-86'),
         (145, 'STS-87'),
         (146, 'STS-88/2A'),
         (147, 'STS-92/3A'),
         (148, 'STS-96/2A.1'),
         (149, 'STS-97/4A'),
         (150, 'STS-98/5A'),
         (151, 'Voskhod2');

CREATE TABLE astronauts (
  id serial primary key,
  name varchar not null,
  country varchar not null
);

INSERT INTO astronauts(id, name, country)
VALUES (1, 'Akihiko Hoshide', 'USA'),
       (2, 'Alan Shepard', 'USA'),
       (3, 'Allen Bean', 'USA'),
       (4, 'Alvin Drew', 'USA'),
       (5, 'Al Worden', 'USA'),
       (6, 'Andrew Feustel', 'USA'),
       (7, 'Andy Thomas', 'USA'),
       (8, 'Bernard Harris', 'USA'),
       (9, 'Bill Fisher', 'USA'),
       (10, 'Bill Lenoir', 'USA'),
       (11, 'Bill McArthur', 'USA'),
       (12, 'Bill Pogue', 'USA'),
       (13, 'Bob Behnken', 'USA'),
       (14, 'Bob Curbeam', 'USA'),
       (15, 'Bob Stewart', 'USA'),
       (16, 'Bruce McCandless', 'USA'),
       (17, 'Buzz Aldrin', 'USA'),
       (18, 'Carl Meade', 'USA'),
       (19, 'Carlos Noriega', 'USA'),
       (20, 'Carl Walz', 'USA'),
       (21, 'Charles Duke', 'USA'),
       (22, 'Chris Cassidy', 'USA'),
       (23, 'Chris Hadfield', 'USA'),
       (24, 'Christer Fuglesang', 'USA'),
       (25, 'Claude Nicollier', 'USA'),
       (26, 'Clay Anderson', 'USA'),
       (27, 'Clayton Anderson', 'USA'),
       (28, 'Dale Gardner', 'USA'),
       (29, 'Dan Barry', 'USA'),
       (30, 'Dan Burbank', 'USA'),
       (31, 'Dan Bursch', 'USA'),
       (32, 'Danny Olivas', 'USA'),
       (33, 'Dan Tani', 'USA'),
       (34, 'Dave Griggs', 'USA'),
       (35, 'Dave Leestma', 'USA'),
       (36, 'Dave Williams', 'USA'),
       (37, 'Dave Wolf', 'USA'),
       (38, 'David Low', 'USA'),
       (39, 'David Scott', 'USA'),
       (40, 'Don Peterson', 'USA'),
       (41, 'Don Pettit', 'USA'),
       (42, 'Doug Wheelock', 'USA'),
       (43, 'Ed Gibson', 'USA'),
       (44, 'Ed Mitchell', 'USA'),
       (45, 'Edward Lu', 'USA'),
       (46, 'Ed White', 'USA'),
       (47, 'Eugene Cernan', 'USA'),
       (48, 'F. Chang-Diaz', 'USA'),
       (49, 'Fyodor Yurchikhin', 'USA'),
       (50, 'Garrett Reisman', 'USA'),
       (51, 'George Nelson', 'USA'),
       (52, 'Gerald Carr', 'USA'),
       (53, 'Greg Chamitoff', 'USA'),
       (54, 'Greg Harbaugh', 'USA'),
       (55, 'Hans Schlegel', 'USA'),
       (56, 'Harrison Schmidt', 'USA'),
       (57, 'Heide Stefanyshyn-Piper', 'USA'),
       (58, 'Jack Lousma', 'USA'),
       (59, 'James Irwin', 'USA'),
       (60, 'James Van Hoften', 'USA'),
       (61, 'Jay Apt', 'USA'),
       (62, 'Jeff Hoffman', 'USA'),
       (63, 'Jeff Williams', 'USA'),
       (64, 'Jeff Wisoff', 'USA'),
       (65, 'Jerry Ross', 'USA'),
       (66, 'Jim Newman', 'USA'),
       (67, 'Jim Reilly', 'USA'),
       (68, 'Jim Voss', 'USA'),
       (69, 'Joe Allen', 'USA'),
       (70, 'Joe Kerwin', 'USA'),
       (71, 'Joe Tanner', 'USA'),
       (72, 'John Grunsfeld', 'USA'),
       (73, 'John Herrington', 'USA'),
       (74, 'John Young', 'USA'),
       (75, 'Joseph Acaba', 'USA'),
       (76, 'Kathy Sullivan', 'USA'),
       (77, 'Kathy Thornton', 'USA'),
       (78, 'Ken Bowersox', 'USA'),
       (79, 'Lee Morin', 'USA'),
       (80, 'Leroy Chiao', 'USA'),
       (81, 'Linda Godwin', 'USA'),
       (82, 'Luca Parmitano', 'USA'),
       (83, 'Mario Runco', 'USA'),
       (84, 'Mark Lee', 'USA'),
       (85, 'Michael Good', 'USA'),
       (86, 'Mike Collins', 'USA'),
       (87, 'Mike Fincke', 'USA'),
       (88, 'Mike Foale', 'USA'),
       (89, 'Mike Foreman', 'USA'),
       (90, 'Mike Fossum', 'USA'),
       (91, 'Mike Gernhardt', 'USA'),
       (92, 'Mike Good', 'USA'),
       (93, 'Mike Lopez-Alegria', 'USA'),
       (94, 'Mike Massimino', 'USA'),
       (95, 'Neil Armstrong', 'USA'),
       (96, 'Nick Patrick', 'USA'),
       (97, 'Nicole Stott', 'USA'),
       (98, 'Owen Garriott', 'USA'),
       (99, 'Pat Forrester', 'USA'),
       (100, 'Patrick Forrester', 'USA'),
       (101, 'Paul Richards', 'USA'),
       (102, 'Paul Weitz', 'USA'),
       (103, 'Peggy Whitson', 'USA'),
       (104, 'Pete Conrad', 'USA'),
       (105, 'Philippe Perrin', 'USA'),
       (106, 'Pierre Thuot', 'USA'),
       (107, 'Piers Sellers', 'USA'),
       (108, 'Randy Bresnick', 'USA'),
       (109, 'Rex Walheim', 'USA'),
       (110, 'Richard Arnold', 'USA'),
       (111, 'Richard Gordon', 'USA'),
       (112, 'Rich Clifford', 'USA'),
       (113, 'Rick Hieb', 'USA'),
       (114, 'Rick Linnehan', 'USA'),
       (115, 'Rick Mastracchio', 'USA'),
       (116, 'Robert Behnken', 'USA'),
       (117, 'Robert Curbeam', 'USA'),
       (118, 'Robert Satcher', 'USA'),
       (119, 'Ron Evans', 'USA'),
       (120, 'Ron Garan', 'USA'),
       (121, 'Russ Schweickart', 'USA'),
       (122, 'Scott Parazynski', 'USA'),
       (123, 'Shane Kimbrough', 'USA'),
       (124, 'Soichi Noguchi', 'USA'),
       (125, 'Stan Love', 'USA'),
       (126, 'Steve Bowen', 'USA'),
       (127, 'Steve MacLean', 'USA'),
       (128, 'Steve Robinson', 'USA'),
       (129, 'Steve Smith', 'USA'),
       (130, 'Steve Swanson', 'USA'),
       (131, 'Story Musgrave', 'USA'),
       (132, 'Sunita Williams', 'USA'),
       (133, 'Susan Helms', 'USA'),
       (134, 'Takao Doi', 'USA'),
       (135, 'Tammy Jernigan', 'USA'),
       (136, 'Thomas Reiter', 'USA'),
       (137, 'Thuot/Hieb/Akers', 'USA'),
       (138, 'Tim Kopra', 'USA'),
       (139, 'Tom Akers', 'USA'),
       (140, 'Tom Jones', 'USA'),
       (141, 'Tom Marshburn', 'USA'),
       (142, 'Tom Mattingly', 'USA'),
       (143, 'Valeri Tokarev', 'USA'),
       (144, 'Vladimir Titov', 'USA'),
       (145, 'Winston Scott', 'USA'),
       (146, 'Woody Spring', 'USA'),
       (147, 'Yuri Malenchenko', 'USA'),
       (148, 'Tracy Caldwell Dyson', 'USA'),
       (149, 'Aleksei Yeliseyov', 'Russia'),
       (150, 'Alexander Kaleri', 'Russia'),
       (151, 'Alexander Misurkin', 'Russia'),
       (152, 'Alexander Samokutyaev', 'Russia'),
       (153, 'Alexandr Alexandrov', 'Russia'),
       (154, 'Alexandr Balandin', 'Russia'),
       (155, 'Alexandr Ivanchenkov', 'Russia'),
       (156, 'Alexandr Kaleri', 'Russia'),
       (157, 'Alexandr Laveykin', 'Russia'),
       (158, 'Alexandr Poleshchuk', 'Russia'),
       (159, 'Alexandr Serebrov', 'Russia'),
       (160, 'Alexandr Viktorenko', 'Russia'),
       (161, 'Alexandr Volkov', 'Russia'),
       (162, 'Alexei Leonov', 'Russia'),
       (163, 'Anatoli Artsebarsky', 'Russia'),
       (164, 'Anatoli Berezovsky', 'Russia'),
       (165, 'Anatoly Solovyov', 'Russia'),
       (166, 'Anton Shkaplerov', 'Russia'),
       (167, 'Dmitry Kondratiev', 'Russia'),
       (168, 'Frank Culbertson', 'Russia'),
       (169, 'Gennady Manakov', 'Russia'),
       (170, 'Gennady Padalka', 'Russia'),
       (171, 'Gennady Strekalov', 'Russia'),
       (172, 'Georgi Grechko', 'Russia'),
       (173, 'G. Padelka', 'Russia'),
       (174, 'Jean-Louc Chretien', 'Russia'),
       (175, 'Jean-Pierre Heignere', 'Russia'),
       (176, 'Jerry Linenger', 'Russia'),
       (177, 'John Phillips', 'Russia'),
       (178, 'Leonid Kizim', 'Russia'),
       (179, 'Maxim Suraev', 'Russia'),
       (180, 'Michael Lopez-Alegria', 'Russia'),
       (181, 'Mike Barratt', 'Russia'),
       (182, 'Mikhail Kornienko', 'Russia'),
       (183, 'Mikhail Tyurin', 'Russia'),
       (184, 'Musa Manarov', 'Russia'),
       (185, 'Nikola Budarin', 'Russia'),
       (186, 'Oleg Kononenko', 'Russia'),
       (187, 'Oleg Kotov', 'Russia'),
       (188, 'Oleg Makarov', 'Russia'),
       (189, 'Oleg Skripochka', 'Russia'),
       (190, 'Pavel Vinogradov', 'Russia'),
       (191, 'Roman Romanenko', 'Russia'),
       (192, 'Salizhan Sharipov', 'Russia'),
       (193, 'Sergei Avdeyev', 'Russia'),
       (194, 'Sergei Krikalev', 'Russia'),
       (195, 'Sergei Treschev', 'Russia'),
       (196, 'Sergei Volkov', 'Russia'),
       (197, 'Sergei Zaletin', 'Russia'),
       (198, 'Svetlana Savitskaya', 'Russia'),
       (199, 'Talgat Musabeyev', 'Russia'),
       (200, 'Valentin Lebedev', 'Russia'),
       (201, 'Valeri Ryumin', 'Russia'),
       (202, 'Valeri Tsibliev', 'Russia'),
       (203, 'Valery Korzun', 'Russia'),
       (204, 'Victor Afanasyev', 'Russia'),
       (205, 'Victor Lazerov', 'Russia'),
       (206, 'Victor Savinykh', 'Russia'),
       (207, 'Vladimir Dezhurov', 'Russia'),
       (208, 'Vladimir Dzhanibekov', 'Russia'),
       (209, 'Vladimir Kovalyonok', 'Russia'),
       (210, 'Vladimir Lyakhov', 'Russia'),
       (211, 'Vladimir Solovyov', 'Russia'),
       (212, 'Yevgeni Khrunov', 'Russia'),
       (213, 'Yri Onufrienko', 'Russia'),
       (214, 'Yuri Gidzenko', 'Russia'),
       (215, 'Yuri Lonchakov', 'Russia'),
       (216, 'Yuri Onufrienko', 'Russia'),
       (217, 'Yuri Romanenko', 'Russia'),
       (218, 'Yuri Usachev', 'Russia');
       
CREATE TABLE evas (
  id serial primary key,
  eva_date date not null,
  duration time not null,
  purpose varchar not null,
  vehicle_id int not null,
  FOREIGN KEY (vehicle_id) REFERENCES vehicles(id)
);

INSERT INTO evas (id, eva_date, duration, purpose, vehicle_id)
  VALUES (1, '1965-06-03', '00:36:00', 'First U.S. EVA. Used HHMU and took photos. Gas flow cooling of 25ft umbilical overwhelmed by vehicle ingress work and helmet fogged. Lost overglove. Jettisoned thermal gloves and helmet sun visor', 8),
         (2, '1966-03-17', '00:00:00', 'HHMU EVA cancelled before starting by stuck on vehicle thruster that ended mission early', 10),
         (3, '1966-06-05', '02:07:00', 'Inadequate restraints', 9),
         (4, '1966-07-19', '00:50:00', 'Standup EVA. UV photos of stars. Ended by eye irritation that impaired vision ', 11),
         (5, '1966-07-20', '00:39:00', 'Retrieved MMOD experiment from docked Agena. Used HHMU. Lost camera and retrieved experiment. EVA ended early by unrelated spacecraft problem', 11),
         (6, '1966-09-13', '00:44:00', 'Attached tether between Agena and Gemini. EVA ended early due to fatigue', 12),
         (7, '1966-09-14', '02:10:00', 'Standup EVA. Took star photos. Agena tether ops', 12),
         (8, '1966-11-12', '02:29:00', 'Standup EVA. Science tasks. Took star photos', 13),
         (9, '1966-11-13', '02:06:00', 'Attached tether between Agena and Gemini. UV photos of stars. Waist tether and Dutch shoe eval', 13),
         (10, '1966-11-14', '00:55:00', 'Standup EVA. Jettisoned equipment. Took photos', 13),
         (11, '1969-03-06', '00:47:00', 'Standup EVA from crew module. Retrieved thermal experiment samples', 7),
         (12, '1969-03-06', '00:51:00', 'Lunar module based. Took photos. Evaluated foot restraint and handrails. Retrieved thermal experiment samples. First use of PLSS followed by recharge demo after EVA', 7),
         (13, '1969-07-20', '02:32:00', 'First to walk on the moon. Some trouble getting out small hatch. 46.3 lb of geologic material collected. EASEP seismograph and laser reflector exp deployed. Solar wind exp deployed & retrieved. 400 ft (120m) circuit on foot. Dust issue post EVA', 1),
         (14, '1969-07-20', '00:05:00', 'Jettison suit backpacks and equip to lighten ascent', 1),
         (15, '1969-11-19', '03:39:00', 'Collected 75.6 lb of geologic material. ALSEP exp deployed. 6000 ft (1800m) circuit on foot', 2),
         (16, '1969-11-20', '03:48:00', 'Retrieved parts of Surveyor 3 spacecraft. ', 2),
         (17, '1969-11-20', '00:05:00', 'Jettison suit backpacks and equip to lighten ascent', 2),
         (18, '1971-02-05', '04:48:00', 'Collected 94.4 lb of geologic material. ALSEP and laser reflector exp deployed. Hiked up to 0.9 miles (1.5km) from lunar module. Used MET rickshaw', 3),
         (19, '1971-02-06', '04:34:00', 'Sought but did not quite reach crater. Golf demo', 3),
         (20, '1971-02-06', '00:05:00', 'Jettison suit backpacks and equip to lighten ascent', 3),
         (21, '1971-07-30', '00:33:00', 'Standup EVA to scout and photograph lunar surface before traverse', 4),
         (22, '1971-07-31', '06:34:00', 'Collected 169 lb of geologic material. ALSEP exp deployed. First use of the lunar rover. Covered 6.2 mile (10.3 km) circuit', 4),
         (23, '1971-08-01', '07:12:00', '', 4),
         (24, '1971-08-02', '04:49:00', '', 4),
         (25, '1971-08-02', '00:05:00', 'Jettison suit backpacks and equip to lighten ascent', 4),
         (26, '1971-08-05', '00:39:00', 'First transearth EVA. Retrieved 2 camera film cassettes', 4),
         (27, '1972-04-21', '07:11:00', 'Collected 208 lb of rock/dust (41lb this day). ALSEP & solar wind experiments deployed. Assembled and used lunar rover (4.2 km). ', 5),
         (28, '1972-04-22', '07:23:00', 'Collected 82 lb of rock/dust. Drove rover 11.5 km', 5),
         (29, '1972-04-23', '05:40:00', 'Collected 90 lb of rock/dust. Drove rover 27.1 km', 5),
         (30, '1972-04-23', '00:04:00', 'Jettison suit backpacks and equip to lighten ascent', 5),
         (31, '1972-04-25', '01:23:00', 'Transearth EVA to retrieve camera film and expose microbial response experiment', 5),
         (32, '1972-12-11', '07:12:00', 'Collected 243 lb of geologic material. ALSEP exp deployed. 8 seismic explosive charges placed for later use. Used lunar rover to travel 11.4 miles (19 km) circuit with max range of 4.9 miles from lunar module.', 6),
         (33, '1972-12-12', '07:37:00', '', 6),
         (34, '1972-12-13', '07:16:00', '', 6),
         (35, '1972-12-13', '00:08:00', 'Jettison suit backpacks and equip to lighten ascent', 6),
         (36, '1972-12-17', '01:07:00', 'Transearth EVA to retrieve camera film', 6),
         (37, '1973-05-25', '00:40:00', 'Standup EVA. While based in hatch of just arrived hovering spacecraft', 48),
         (38, '1973-06-07', '03:25:00', 'Without body restraint', 48),
         (39, '1973-06-19', '01:36:00', 'Retrieved Apollo Telescope Mount film and repaired power module relay with hammer blow. Cleaned camera lens', 48),
         (40, '1973-08-06', '06:31:00', 'Constructed/deployed twin-pole thermal shield to reduce internal spacecraft temperatures. Loaded telescope camera with film. Inspected previously leaking thrusters. Restored telescope door motion and deployed meteroid sampling exp', 49),
         (41, '1973-08-24', '04:31:00', 'Installed cable for backup gyro package. Exchanged telescope camera film. Deployed parasol samples', 49),
         (42, '1973-09-22', '02:41:00', 'Recovered telescope camera film', 49),
         (43, '1973-11-22', '06:33:00', 'Photographed earth atmosphere. Deployed spacecraft contamination measurement exp. Reloaded telescope camera film. Repaired microwave sensor antenna. Pinned open telescope door. Retrieved meteroid sample collector', 50),
         (44, '1973-12-25', '07:01:00', 'Photographed comet Kohoutek', 50),
         (45, '1973-12-29', '03:29:00', 'Photographed comet Kohoutek. Retrieved sample of meteroid protection cover', 50),
         (46, '1974-02-03', '05:19:00', 'Retrieved telescope camera film and installed meteroid collection experiment. Gibson reported coolant leakage from EVA life support system', 50),
         (47, '1983-04-07', '04:17:00', 'First shuttle EVA. New suits tested. Basic orbiter/payload contingency tasks practiced. Winch failed to retract', 134),
         (48, '1984-02-07', '05:56:00', 'Practiced Solar Max repair. Used MMU and MFR for first time. PLB camera D changed out. Slidewire bracket pip-pin pulled free by crew tether inadvertantly. SPAS switch adjusted', 123),
         (49, '1984-02-09', '06:09:00', 'Practiced MMU docking with fixed target. Simple satellite refueling demo (freon). Foot restraint lost overboard and recovered. ', 123),
         (50, '1984-04-08', '02:53:00', 'Failed to dock MMU to Solar Max satellite due to thermal grommet interference. Manual grasp of solar array increased satellite instability ', 124),
         (51, '1984-04-11', '07:05:00', 'After ground cmd stabilization and RMS grapple', 124),
         (52, '1984-10-11', '03:29:00', 'First U.S. female EVA. Demonstrated hydrazine refueling. Aligned gimbals of Ku antenna for IV commanded locking. SIRB latching assisted. Recovered lost airlock valve cap. ', 125),
         (53, '1984-11-12', '06:02:00', 'PALAPA retrieval. MMU used. Had to use manual satellite restraint when structure with RMS grapple fixture failed to attach due to unexpected structure on satellite.', 129),
         (54, '1984-11-14', '05:48:00', 'WESTAR retrieval. MMU used. Recovered untethered torque wrench (twice) and draeger tube (once). Lost power tool', 129),
         (55, '1985-04-16', '03:10:00', 'Flyswatter attached to end of RMS to attempt to activate LEASAT/SYNCOM IV sequence start lever. Lever tripped but satellite was actually failed elsewhere. Griggs inadvertently went out over wing', 130),
         (56, '1985-08-31', '07:09:00', 'LEASAT/SYNCOM IV repairs started. RMS failure to single joint mode forced second EVA. Lost power tool overboard.', 131),
         (57, '1985-09-01', '04:29:00', 'LEASAT/SYNCOM IV repairs completed. Accidently reused depleted LiOH cans from 1st EVA.', 131),
         (58, '1985-11-29', '05:38:00', 'EASE/ACCESS truss assembly and stowage demos. Deployed radar target', 135),
         (59, '1985-12-01', '06:48:00', 'EASE/ACCESS truss assembly', 135),
         (60, '1991-04-07', '04:26:00', 'Freed stuck GRO high gain antenna. Started Space Station demos (recorded crew loads', 122),
         (61, '1991-04-08', '06:00:00', 'More Space Station demos (evals of 3 different carts and a tether shuttle', 122),
         (62, '1992-05-10', '03:43:00', 'Capture bar/grapple fixture attach failed 3 times', 126),
         (63, '1992-05-11', '05:30:00', 'Though more careful to induce less loads', 126),
         (64, '1992-05-13', '08:29:00', '3 man EVA. Manually capture/repair INTELSAT', 126),
         (65, '1992-05-14', '07:44:00', 'ASEM Space Station assembly demos (module to truss mating', 126),
         (66, '1993-01-17', '04:28:00', 'Evaluate training vs. flight differences (DTO 1210). Encumbered translations. Foot restraint ingress. Inspected/avoided misfired IUS tilt table superzip. Almost lost untethered IUS tilt table equipment.', 132),
         (67, '1993-06-25', '05:50:00', 'First egress/ingress involving tunnel adapter. Pushed on 2 EURECA antennas to aid stowage. Evaluated training vs. flight differences (DTO 1210', 133),
         (68, '1993-09-16', '07:05:00', 'Evaluate training vs. flight differences (DTO 1210). Evaluated HST servicing mission tools. Tool box door jammed temporarily preventing closure', 128),
         (69, '1993-12-04', '07:54:00', 'HST servicing (RSU', 136),
         (70, '1993-12-05', '06:36:00', 'HST servicing (2 solar arrays). One jettisoned due to pre-EVA damage', 136),
         (71, '1993-12-06', '06:47:00', 'HST servicing (WFPC 1/2)', 136),
         (72, '1993-12-07', '06:50:00', 'HST servicing (HSP/COSTAR)', 136),
         (73, '1993-12-08', '07:21:00', 'HST servicing (SADE', 136),
         (74, '1994-09-16', '06:51:00', 'SAFER self rescue demo', 138),
         (75, '1995-02-09', '04:39:00', 'Cold environment eval', 137),
         (76, '1995-09-16', '06:46:00', 'ISS task board with worksite interface samples. Elec cuff checklist demo. Thermal cube experiment', 139),
         (77, '1996-01-15', '06:09:00', 'ISS umbilical tests with robotically transported portable work platform. Elec cuff checklist demo. ', 140),
         (78, '1996-01-17', '06:53:00', 'ISS thermal comfort test', ),
         (79, '1996-03-27', '06:03:00', 'Deploy 4 MEEP materials experiments on Mir docking module. Test US/Russian tether and PFR. Retrieve camera from docking module exterior', 141),
         (80, '1997-02-13', '06:42:00', 'HST servicing (first STS external airlock sortie', 143),
         (81, '1997-02-14', '07:27:00', 'HST servicing (remove/install FGS-1/FGS-1R', 143),
         (82, '1997-02-15', '07:11:00', 'HST servicing (remove/install DUI-2/DIU-2R', 143),
         (83, '1997-02-16', '06:34:00', 'HST servicing (replace SADE', 143),
         (84, '1997-02-17', '05:17:00', 'HST servicing (unscheduled EVA to add protective covers over degrading aluminized insulation)', 143),
         (85, '1997-10-01', '05:01:00', 'Retrieve 4 MEEP materials experiments on Mir docking module. Test US/Russian tethers and PFR. US safety tether would not retract. Deploy Spektr solar array base sealing cap on docking module. ', 144),
         (86, '1997-11-24', '07:43:00', 'Manual capture and berthing (with RMS aid) of Spartan. Test of ISS crane with large battery/carrier. Test of ISS power tool and torque multiplier', 145),
         (87, '1997-12-03', '04:59:00', 'Test of ISS crane with small ORUs. Deploy and capture of SPRINT/AERCAM robotic freeflyer', 145),
         (88, '1998-12-07', '07:21:00', 'Connect PMA1-FGB power cables and PMA1/2-Node1 APAS cables', 146),
         (89, '1998-12-09', '07:02:00', 'Install 2 early comm antennas and cables', 146),
         (90, '1998-12-12', '06:59:00', 'Deploy 2 US foot restraints and a tool stanchion. Aid release of 2 FGB Toru antennas', 146),
         (91, '1999-05-29', '07:55:00', 'Transfer and externally install US and Russian cargo cranes', 148),
         (92, '1999-12-22', '08:15:00', 'HST servicing (RSU gyros and volt/temp improvement kits for batteries)', 90),
         (93, '1999-12-23', '08:10:00', 'HST servicing (486 computer and fine guidance sensor)', 90),
         (94, '1999-12-24', '08:08:00', 'HST servicing (transmitter and solid state recorder)', 90),
         (95, '2000-05-21', '06:44:00', 'Resecure and reorient U.S. crane. Assemble complete Russian crane and transfer from PMA 2 to PMA 1. Replace stbd ECOM antenna. Install 8 handrails on Node 1 (APAS cable blocked one nominal site). Cables cleared from Node 1 SVS targets. Lost PAD', 88),
         (96, '2000-09-11', '06:14:00', 'SM docking target deployment completed manually. Attitude control magnetometer and nearby translation aid gap spanner installed. SM-FGB cables routed', 93),
         (97, '2000-10-15', '06:28:00', 'Z1 SASA antenna deployed. DDCU thermal shrouds removed/stowed. One tool box relocated from PLB to Z1. Z1-Node1 cables mated. SGANT antenna dish and boom deployed.', 147),
         (98, '2000-10-16', '07:07:00', 'PMA3 released from PLB. PMA3-Node1 cables mated. ', 147),
         (99, '2000-10-17', '06:48:00', 'Z1 DDCU-HP (2) transferred from PLB to Z1. Z1 keel relocated. Z1-P6 launch locks released. PMA2-Z1 cables reconfigured. 2nd tool box relocated from PLB to Z1. Airlock depress valve cover lost', 147),
         (100, '2000-10-18', '06:56:00', 'Z1 FRGF stowed and utility tray deployed. Tethered demo of self rescue SAFER hardware (DTO 689).', 147),
         (101, '2000-12-03', '07:33:00', 'Assisted P6-Z1 mechanical mating. Mated 9 Z1-P6 electrical power cables. Released 2 sets of solar array blanket boxes and gimbal linkages. Used tensioning devices to secure 3 of 4 gimbal linkage bolts. Released PV radiator launch restraints and thermal sensors.', 149),
         (102, '2000-12-05', '06:37:00', 'Removed/stowed Z1''s ACBSP and DDCU-HP thermal shrouds. Relocated SASA antenna from Z1 to IEA. Inspected tensioning mechanism of incompletely deployed solar array. Rerouted Z1 patch panel cables. Mated 4 Z1-P6 ammonia lines. Disconnected PMA2 cables from Node1. Stowed EPS cable bag on P6. Released P6 aft radiator launch restraints and thermal sensors. Installed FGB-PMA1 jumper cables. Stowed Z1 WIS antenna #1.', 149),
         (103, '2000-12-07', '05:10:00', 'Reseated solar array tensioning cable to allow full deployment. Installed FPP antennas on IEA and Node1. Installed Node1 centerline camera cable. Released P6 stbd radiator launch restraints and thermal sensors. Stowed P6 and Z1 WIS antennas.', 149),
         (104, '2001-02-10', '07:34:00', 'Disconnect lab-Shuttle LTA heater cable. Remove and stow lab module CBM cover. Connect 4 ammonia lines and elec cables btw lab and Z1. M3 QD leaked NH3 on crew to force bakeout cleanup', 150),
         (105, '2001-02-12', '06:50:00', 'Connect lab-PMA2 APAS cables. Install lab vent valve', 150),
         (106, '2001-02-14', '05:25:00', 'Spare SASA antenna installed on Z1. Demo of incapacitated crew rescue.', 150),
         (107, '2001-03-10', '08:56:00', 'Disconnected PMA3 from Node1 electrical cables. Installed cradle on lab in prep for SSRMS and S0 truss. Installed rigid umbilical. Last 2 hours spent in airlock waiting on RMS install of MPLM. PAD lost', 89),
         (108, '2001-03-12', '06:21:00', 'Removed and stowed port early comm antenna. Installed the external stowage platform on a lab trunnion. Transfered a pump flow control system ORU ready for future replacement. Inspected P6 solar array 4 bar linkage', 89),
         (109, '2001-04-22', '07:10:00', 'Transfered and installed UHF antenna on lab. Released SSRMS launch restraints', 87),
         (110, '2001-04-24', '07:40:00', 'Connected 8 cables for lab based SSRMS ops. Demated cables btw lab and SSRMS pallet. Removed and stowed stbd early comm antenna. 1.5 hours spent in fruitless search for early comm conn parts under CBM cover. Transfered spare DCSU to lab stowage pallet', 87),
         (111, '2001-07-14', '05:59:00', 'Shuttle based EVA. Airlock-Node1 CBM cover removed. LTA heater cable demated. Waited on umbilicals for airlock transfer and install by SSRMS. Connected airlock heater cable. ', 91),
         (112, '2001-07-17', '06:29:00', 'Shuttle based EVA. 3 of 4 high pressure gas tanks installed on airlock', 91),
         (113, '2001-07-20', '04:02:00', 'First EVA based from ISS joint airlock. 4th high pressure gas tank installed. Installed thermal cover over airlock FRGF and several airlock handrails. Mated FGB-airlock cable for Russian suit comm. Inspected BMRRM and FPP on top of P6.', 91),
         (114, '2001-08-16', '06:16:00', 'Shuttle based EVA. Installed early ammonia servicer on P6 truss and mated its cables. Attached 2 MISSE materials experiments to airlock exterior. ', 92),
         (115, '2001-08-18', '05:29:00', 'Shuttle based EVA. Installed 10 handrails on Lab. Attached LTA heater cables on lab for later use with S0.', 92),
         (116, '2001-12-10', '04:12:00', 'Shuttle based EVA. Installed 2 beta gimbal assy (BGA) thermal blankets. Retrieved SASA shroud. Inspected DCSU. Failed attempt to lock 4th leg of BGA four bar assembly.', 94),
         (117, '2002-02-20', '05:49:00', 'First use of the Quest airlock without Shuttle docked. 8A preps included tool retrieval/relocation', 20),
         (118, '2002-03-04', '07:01:00', 'HST servicing. Replaced 1 of 2 solar arrays and its diode box. ', 95),
         (119, '2002-03-05', '07:16:00', 'HST servicing. Replaced 2nd solar array and its diode box. Replaced gyro reaction wheel assy #1.', 95),
         (120, '2002-03-06', '06:48:00', 'HST servicing. Replaced power control unit (PCU). HST handrails inspected.', 95),
         (121, '2002-03-07', '07:30:00', 'HST servicing. Replaced faint object camera (FOC) with advanced camera. Installed electronics support module in aft shroud. Completed PCU cleanup.', 95),
         (122, '2002-03-08', '07:20:00', 'HST servicing. Installed NICMOS cryo cooler and radiator. Installed new outer thermal blankets. ', 95),
         (123, '2002-04-11', '07:48:00', 'ISS based EVA. Lab-SO cables connected. Aft tray req''d 2 crew to deploy. Lab-S0 fwd struts installed. ', 96),
         (124, '2002-04-13', '07:30:00', 'ISS based EVA. Lab-SO cables connected. Lab-S0 aft struts installed. ', 96),
         (125, '2002-04-14', '06:27:00', 'ISS based EVA. Released Lab-S0 adapter latch. Connected MT cables. Released MT launch restraints. Removed MT radiator cover. TUS 2 safing bolt problem. ', 96),
         (126, '2002-04-16', '06:37:00', 'ISS based EVA. Installed S0-airlock handrail spur. Installed handrails and 2 CETA lights on S0. Deployed CETA energy absorbers. Removed/stowed S0 keel and drag link. J400 reconfigured. CID 7/8 installed. Failed Trace Gas Analyzer DTO. ', 96),
         (127, '2002-06-09', '07:14:00', 'ISS based EVA. PDGF installed on P6. SM MMOD panels stowed on PMA1. MBS blankets removed as prep for MBS install onto MT. ', 97),
         (128, '2002-06-11', '05:00:00', 'ISS based EVA. MT-MBS cables connected and MT-MBS bolts mated. POA deployed. Zenith TUS safing bolt. MBS camera relocated. ', 97),
         (129, '2002-06-13', '07:16:00', 'ISS based EVA. SSRMS wrist joint replaced. Failed joint stowed on Shuttle. ', 97),
         (130, '2002-10-10', '07:01:00', 'ISS based EVA. S1-S0 cables and fluid lines connected. S-band antenna deployed. S1 radiator restraints released. CETA cart launch locks released. S1 camera installed.', 98),
         (131, '2002-10-12', '06:04:00', 'ISS based EVA. Lab camera installed. S1 radiator restraints released. S1-S0 cables and fluid lines connected. SPD installed at Z1-P6. CETA cart launch locks released. NH3 tank cables attached. ', 98),
         (132, '2002-10-14', '06:36:00', 'ISS based EVA. MT IUA replaced. S0-S1 NH3 jumpers connected. S1-S0 cables and fluid lines connected. S1 drag link stowed. SPD''s installed on NH3 lines. ', 98),
         (133, '2002-11-26', '06:45:00', 'ISS based EVA. P1-S0 cables connected. CETA cart launch locks released. P1 drag link stowed. Spool positioning devices (SPD) installed. Wireless external transceiver assy (WETA) installed on Node 1 for EVA helmet video. ', 99),
         (134, '2002-11-28', '06:10:00', 'ISS based EVA. P1-S0 fluid lines connected. P1 keels stowed. Wireless external transceiver assy (WETA) installed on P1. CETA cart relocated from P1 to S1. ', 99),
         (135, '2002-11-30', '07:00:00', 'ISS based EVA. SPD''s installed. MBSU cables reconfigured. NH3 tank lines attached. UHF antenna deployed (MT ran into stowed UHF antenna resulting in early deploy). SO DDCU cover installed.', 99),
         (136, '2003-01-15', '06:51:00', 'ISS based EVA. Removed debris from Node nadir CBM. Released P1 truss radiator launch locks (10) to allow deploy. Failed to install CETA light on S1 (jammed in launch bracket). Measured the Early Ammonia Servicer (EAS) reservoir. Retrieved tools from Z1 and airlock tool boxes for future. Cut away thermal cover strap that delayed EVA by interferring with airlock hatch.', 21),
         (137, '2003-04-08', '06:26:00', 'ISS based EVA. Reconfigured SO', 21),
         (138, '2005-07-30', '06:50:00', 'Shuttle based EVA. Demonstrated repairs of Shuttle thermal protection (tile emittance wash and NOAX on RCC cracks). Installed External Stowage Platform Attachment Device (ESPAD) outside ISS airlock. Replaced GPS antenna and retrieved 2 MISSE experiments. Photographed damaged thermal blanket under Orbiter window', 100),
         (139, '2005-08-01', '07:14:00', 'Shuttle based EVA. Replaced ISS CMG#1. Stowed old CMG in PLB . Retrieved/relocated tools for next EVA (handle for ISS thermal radiator rotary joint motor controller', 100),
         (140, '2005-08-03', '06:01:00', 'Shuttle based EVA. Attached External Stowage Platform (ESP2) to ISS', 100),
         (141, '2005-11-07', '05:22:00', 'ISS based EVA. Egress delayed by 1 hr due to overlooked valve. Installed P1 TV camera', 14),
         (142, '2006-07-08', '07:31:00', 'ISS based EVA. Installed cable cutter blade blocker on mobile transporter zenith interface umbilical assembly (IUA). Demonstrated use of RMS and boom as EV crew work platform for Shuttle thermal protection repairs', 107),
         (143, '2006-07-10', '06:47:00', 'ISS based EVA. Replaced the mobile transporter''s nadir IUA and trailing umbilical cable reel. Stowed thermal system spare pump on ISS airlock pallet. SAFER latches found unsecured', 107),
         (144, '2006-07-12', '07:11:00', 'ISS based EVA. Tested NOAX repairs on samples of Shuttle RCC thermal protection. Tested infrared camera on ISS radiators and Shuttle RCC. Installed grapple fixture on S1 truss ammonia tank. RCC repair spatula lost overboard.', 107),
         (145, '2006-08-03', '05:54:00', 'ISS based EVA. Installed floating point measurement unit on S1. Installed MISSE 3 &4 on airlock. Installed RJMC and replaced radiator MDM on S1. Installed S0 radiator line shunt jumpers (2) and fluid disconnect spool positioning devices (3). Tested infrared camera on RCC samples. Installed CETA light on S1 (connector cap lost) and nonpropulsive valve on Lab. Removed GPS antenna #2. Setup 3 foot restraints for 12A. Retrieved ball stack restraint. Photographed hatch scratch. One of two helmets TVs inoperable. ', 15),
         (146, '2006-09-12', '06:26:00', 'ISS based EVA. Connected the P1/P3 lower and upper tray umbilicals. Released solar array launch restraints and positioned the stowed arrays for automated deployment. Rotated P4 truss keel pin to stowed position. Removed of 2 of 16 solar array joint launch locks', 101),
         (147, '2006-09-13', '07:11:00', 'ISS based EVA. Removed solar array alpha joint launch locks and restraints. Lost a bolt from a launch lock cover. Release of one launch restraint bolt required a wrench cheater bar and both crew for leverage. Cleared items to permit P3 truss access by the ISS mobile transporter for future assembly work. Secured the velcro of a partially loose thermal cover on P3 truss. Removed 2 avionics thermal shrouds and relocated 2 foot restraints. ', 101),
         (148, '2006-09-15', '06:42:00', 'ISS based EVA. Retrieved MISSE-5 experiment. Installed bolt retainers on the P6 beta gimbal struts. Unable to engage hinge lock on P6 beta gimbal strut. Freed snagged tether from mobile transporter. Release P4 radiator launch restraints. Set up two foot restraints for 12A.1. Released bolt torques of P4 MMOD cover. Replaced S-band antenna and upgraded electronics. Installed thermal shield on Ku-band antenna electronics. IR camera imagery of Shuttle wing leading edge. Due to time on Sband antenna', 101),
         (149, '2006-12-12', '06:36:00', 'ISS based EVA. Removed launch locks from the P5 truss. Aided alignment and secured the P5 truss to the P4 truss. Relocated a radiator grapple fixture. Replaced a failed camera on the S1 truss (13A prep). Performed 13A assembly get-ahead tasks (P5 electrical connections', 102),
         (150, '2006-12-14', '05:00:00', 'ISS based EVA. Reconfigured electrical cables of power channels 2 and 3 and Z1 patch panel. Relocated both CETA carts (13A prep). Installed insulation on the force moment sensors of ISS robotic arm. Installed 4 bags containing fluid line and pump module servicing equipment.', 102),
         (151, '2006-12-16', '07:31:00', 'ISS based EVA. Reconfigured electrical cables of power channels 1 and 4', 102),
         (152, '2006-12-18', '06:38:00', 'ISS based EVA. Manually aided full retract of P6 port solar array. Inspected P6 stbd solar array. Adjusted new insulation of SSRMS force sensors', 102),
         (153, '2007-01-31', '07:55:00', 'ISS based EVA. Established permanent configuration of the electrical and fluid lines of the loop A thermal system. Secured and covered the stowed P6 stbd radiator. Relocated 1 of 2 ammonia servicer jumpers. NH3 leakage induced bakeout and contamination sensing. Installed ISS to Shuttle power transfer cables between Lab and Z1. Installed handrail gap spanners on P6.', 16),
         (154, '2007-02-04', '07:11:00', 'ISS based EVA. Established permanent configuration of the electrical and fluid lines of the loop B thermal system. NH3 leakage induced bakeout and contamination sensing. Relocated ammonia servicer jumper. Secured the stowed P6 aft radiator. Retrieved an MDM thermal shade. Installed ISS to Shuttle power transfer cables between Lab and PMA2. Retrieved a foot restraint for in-cabin thermal shield removal. Photographed P6 solar array in prep for retraction.', 16),
         (155, '2007-02-08', '06:40:00', 'ISS based EVA. Removed and jettisoned 4 thermal shrouds. Deployed P3 cargo attachment site Removed last 2 launch locks from the P5 truss. Finished installation of ISS to Shuttle power transfer cables and reinstalled an in-cabin reconfigured foot restraint. Photoed PMA2 docked audio connector. ', 16),
         (156, '2007-06-11', '06:15:00', 'ISS based EVA. Connected electrical lines btw S1 and S3/S4 trusses. Unstowed solar array blanket boxes and beta gimbals. Stowed the S3/S4 keel. Removed and jettisoned thermal shrouds from 5 avionics boxes. Released restraints for S4 radiator deployment. Engaged drive lock', 103),
         (157, '2007-06-13', '07:16:00', 'ISS based EVA. Aided retraction of enough bays of P6 solar array to permit alpha joint rotation. Removed 10 of 16 launch locks', 103),
         (158, '2007-06-15', '07:58:00', 'ISS based EVA. Replaced vent valve on Lab for US O2 generator. Secured loose thermal blanket on Shuttle OMS pod. Finished retracting P6 solar array', 103),
         (159, '2007-06-17', '06:29:00', 'ISS based EVA. Opened H2 vent for new US O2 generator. Installed video camera stand. Verified drive lock config and removed 6 launch restraints of the S3 solar array alpha joint. Stowed S3 drag link and keel pin. Released S4 MMOD shield bolts. Cleared MT path. Installed FGB-Node1 local area network cable', 103),
         (160, '2007-07-23', '07:41:00', 'ISS based EVA. Installed a video camera stand and jettisoned its stowage restraints. Replaced a failed RPCM to restore mobile transporter power redundancy. Jettisoned the early ammonia servicer. Cleaned the Node1 berthing mechanism seal. Relocated the P6 aux bag to Z1', 17),
         (161, '2007-08-11', '06:17:00', 'ISS based EVA. Installed the S5 truss and connected S4-S5 electrical lines. Relocated the radiator grapple fixture on S5. Removed S5-S6 launch locks on S5 and opened the S5-S6 capture latch. Secured the auto retracted P6 radiator.', 104),
         (162, '2007-08-13', '06:28:00', 'ISS based EVA. Replaced failed CMG 3 and stowed failed unit on pallet outside ISS airlock for return on future Shuttle mission. Photographed MISSE 3 & 4 experiments. ', 104),
         (163, '2007-08-15', '05:28:00', 'ISS based EVA. Relocated the S-band antenna from P6 to P1 and installed new signal processor and transponder on P1. Retrieved P6 transponder. Relocated CETA carts. Damaged glove terminated EVA early.', 104),
         (164, '2007-08-18', '05:02:00', 'ISS based EVA. Installed the Orbiter inspection boom restraints on S1. Engaged S-band antenna gimbal locks on Z1. Retrieved MISSE 3&4 experiments. Installed antennas for external wireless sensors on Lab', 104),
         (165, '2007-10-26', '06:14:00', 'ISS based EVA. Stowed old S-band antenna in Shuttle for return. Released launch power cable from Node 2 and temp secured grapple fixture on Node 2. Resecured Node 2 window cover that opened during launch. Demated Z1-P6 fluid lines and covered stowed radiator and avionics box on P6. Did post EVA ammonia cleanup for minor leak during fluid line demating. One gloved NO GO after EVA due to cut damage.', 106),
         (166, '2007-10-28', '06:33:00', 'ISS based EVA. Demated Z1 to P6 umbilicals and attachment bolts. Installed Node 2 EVA aids (handrails', 106),
         (167, '2007-10-30', '07:08:00', 'ISS based EVA. Connected 4 bolts and 4 cables to mate P6 to P5. Inspected port solar array alpha joint and found no issues. Removed solar array avionics thermal shroud. Released P6 radiator restraints to permit deployment. Reconfigured P1 radiator cabling for deploy. Relocated spare MBSU to ISS. Retrieved N2 vent tool', 106),
         (168, '2007-11-03', '07:19:00', 'ISS based EVA. Inspected and repaired damaged P6 solar array and supported full deployment. Installed 5 cuff links as reinforcements for separated panel hinges. Cut frayed snagged hinge and guide wires. Retrieved 2 foot restraints with suspect sharp edges for IVA inspect/correct. Retrieved camera left out by prior EVA. Pliers lost.', 106),
         (169, '2007-11-09', '06:55:00', 'ISS based EVA. Prepared PMA2 for relocation to Node 2. Demated electrical cables', 18),
         (170, '2007-11-20', '07:16:00', 'ISS based EVA. Installed stbd thermal cooling lines on Node 2. Connected elec cables to PMA2. Lost wiretie overboard and EV2 biomed signal failed', 18),
         (171, '2007-11-24', '07:04:00', 'ISS based EVA. Installed port thermal cooling lines on Node 2. Connected elec cables to PMA2. Inspected and photoed stbd solar array joint', 18),
         (172, '2007-12-18', '06:56:00', 'ISS based EVA. Inspected stbd solar array alpha and beta joints. No obvious causes found for rotation issues. Retrieved 1 trundle bearing from alpha joint for in-cabin and ground assessments.', 18),
         (173, '2008-01-30', '07:10:00', 'ISS based EVA. Replaced failed solar array beta gimbal unit and inspected alpha joint', 18),
         (174, '2008-02-11', '07:58:00', 'ISS based EVA. Enabled Columbus installation (demated STS heater cables', 108),
         (175, '2008-02-13', '06:45:00', 'ISS based EVA. Replaced nitrogen tank on P1 truss and installed old tank on Shuttle for earth return. Installed trunnion covers on Columbus', 108),
         (176, '2008-02-15', '07:25:00', 'ISS based EVA. Installed 2 ESA science experiments', 108),
         (177, '2008-03-14', '07:01:00', 'ISS based EVA. Enabled installation of Japanese logisics module by demating heater cables and removed berthing mechanism covers. Installed tool devices on Canadian SPDM robot arms. Marked sharp edge on airlock handrail with wiretie and found 2nd sharp edge on portable handle', 109),
         (178, '2008-03-16', '07:08:00', 'ISS based EVA. Installed both arms on Canadian SPDM robot. Had to use prybar to release 2 expandable dia fasteners', 109),
         (179, '2008-03-18', '06:53:00', 'ISS based EVA. Installed cameras', 109),
         (180, '2008-03-21', '06:24:00', 'ISS based EVA. Replaced failed RPCM to permit separate power to CMG2', 109),
         (181, '2008-03-22', '06:02:00', 'ISS based EVA. Stowed Shuttle inspection boom on ISS S1 truss with keep alive power. Installed trundle bearing on stbd solar array alpha joint and completed inspections under joint covers. Installed MISSE experiments on pallet outside Columbus (1 reqd light hammering of pip pins). Trunnion covers installed on Japanese module. Cutters stowed in airlock tool box', 109),
         (182, '2008-06-03', '06:48:00', 'ISS based EVA. Released special launch restraint of elbow camera of Shuttle robotic arm. Demated Shuttle inspection boom from ISS truss to permit return/use. Prepared Japanese module for install by demating cables from Shuttle', 110),
         (183, '2008-06-05', '07:11:00', 'ISS based EVA. Installed 2 cameras for JEM robot arm op. Removed thermal covers from JEM arm. Prepped JEM berthing mech for stowage module relocation (remove cover', 110),
         (184, '2008-06-08', '06:33:00', 'ISS based EVA. Replaced N2 tank on S1 truss. Reinstalled repaired truss camera. Finished JEM interfaces (window launch locks', 110),
         (185, '2008-11-18', '06:52:00', 'ISS based EVA. Empty N2 tank transferred to Shuttle. Spare flex hose rotary coupler relocated to ISS. Thermal covers removed from JEM ext facility berthing mechanism. Initiated cleaning and lube of stbd SARJ. 2 stbd SARJ trundle bearings replaced and 1 removed. Lost bag of SARJ cleaning/lube tools overboard. As bonus', 112),
         (186, '2008-11-20', '06:45:00', 'ISS based EVA. Relocated both CETA carts from stbd to port truss to prep for S6 truss assy on next STS flt. Continued replacement of cleaning/lube of stbd solar array joint and replacement of trundle bearings. Overtightened one new trundle bearing and had to use spare. Lubed end effector snares of ISS robotic arm. Reconfigured connectors of port truss attach system bolt controller and photoed suspect area of mobile transporter umbilical. Tasks ended early due to higher than expected work rate for regenerable C02 canister', 112),
         (187, '2008-11-22', '06:57:00', 'ISS based EVA. Replaced all of the remaining stbd trundle bearings except one. Cleaned and lubed stbd race ring.', 112),
         (188, '2008-11-24', '06:07:00', 'ISS based EVA. Lubricated port SARJ race ring. Replaced last trundle bearing on stbd SARJ. Retracted failed latch of JEM ext facility berth mech and installed covers. For HTV', 112),
         (189, '2009-03-19', '06:07:00', 'ISS based EVA. Bolted S6 to S5 truss and mated electrical cables. Stowed X6 keel pin', 105),
         (190, '2009-03-21', '06:30:00', 'ISS based EVA. Loosened restraints of P6 batteries for future replacement. Unable to fully deploy P3 interface for future ORU spares (adj diameter pin suspect). Due to time', 105),
         (191, '2009-03-23', '06:27:00', 'ISS based EVA. Relocated one CETA cart from port to stbd side of mobile transporter. Again unable to finish deploy of P3 spares attach sys. Again deferred S3 payload attach deploy and Z1 patch panel reconfig. Lubed robotic arm end effector snares', 105),
         (192, '2009-05-14', '07:20:00', 'HST servicing. Replaced wide field camera (after high torque time consuming bolt release) and science computer. Installed soft capture mechanism for future automated disposal mission. Installed 2 of 3 bolt/latch mechanisms on large doors (after difficulties with alignments). ', 111),
         (193, '2009-05-15', '07:56:00', 'HST servicing. Replaced 3 of 3 gyro packages and 1st group of 3 batteries. Tolerance issue forced installation of 1 non-optimum but adequate spare gyro. Difficulty closing doors to gyro bay.', 111),
         (194, '2009-05-16', '06:36:00', 'HST servicing. Replaced COSTAR with cosmic origins spectrograph (COS). Repaired failed advanced camera for surveys (ACS) with removal of 4 detector circuit boards and installation of new power supply and new detector circuit boards', 111),
         (195, '2009-05-17', '08:02:00', 'HST servicing. Repaired failed space telescope imaging spectrograph (STIS) with new power supply board. Time lost to stuck handrail bolt and failed power tool battery. Ran out of time to install new outer blanket (NOBL) #8. ', 111),
         (196, '2009-05-18', '07:02:00', 'HST servicing. Installed 2nd/last group of batteries. Replaced fine guidance sensor (FGS). Installed NOBLs 8', 111),
         (197, '2009-07-18', '05:32:00', 'ISS based EVA. Aided JEM exposed facility install by jettisoning berthing mech covers and removing launch heater cable. Aided spares pallet transfer by removing launch heater cable. Removed JEM robot arm ground tab. Opened Node 1 & 2 berthing camera blankets as prep for PMA3 relocate and HTV arrival. Reconfig port CETA cart outfitting and rail stop to avoid interferences. Deployed external pallet site on P3 using special detent tool (S3 pallet deploy deferred). Removed cover from JEM MAXI experiment. Released NH3 tank bolt as prep for replace. Installed 2 of 6 ground connector sleeves for Shuttle to ISS power transfer sys', 113),
         (198, '2009-07-20', '06:52:00', 'ISS based EVA. Transfered 3 large spares to ISS. Installed grapple bar on P1 ammonia tank as prep for future replace. Installed 2 of 6 ground connector sleeves for Shuttle to ISS power transfer sys. Comm cap perf poor due to sweat', 113),
         (199, '2009-07-22', '05:59:00', 'ISS based EVA. Relocated foot restraint socket for HTV arrival prep. Prepped 3 payloads for robotic install outside JEM. Installed 2 of 6 ground connector sleeves for Shuttle to ISS power transfer sys. Replaced 2 batteries on P6 truss and stowed 2 old batts in Shuttle for return. Stopped early due to suit CO2 increase induced by high work rate', 113),
         (200, '2009-07-24', '07:12:00', 'ISS based EVA. Replaced 4 batteries on P6 truss and stowed old batts in Shuttle for return. ', 113),
         (201, '2009-07-27', '04:54:00', 'ISS based EVA. Adjusted SPDM thermal covers. Reconfiged elec connectors of Z1 patch panel to restore CMG pwr redundancy. Installed two JEM external facility video cameras. Installed JEM handrail', 113),
         (202, '2009-09-01', '06:35:00', 'ISS based EVA. Removed NH3 tank from P1 and temp stowed. Transferred MISSE 6a/b & EuTEF experiments to Shuttle', 114),
         (203, '2009-09-03', '06:39:00', 'ISS based EVA. Start delayed to redo prebreathe after comm cap readjust. Installed new NH3 tank on P1 and stowed old tank on Shuttle. Installed grapple bar on S1 NH3 tank. Unable to connect PMA3 heater cables due to prior incorrect clocking of PMA3. Installed camera lens covers on station arm as prep for HTV. Relocated a tool stanchion', 114),
         (204, '2009-09-05', '07:01:00', 'ISS based EVA. Deployed S3 zenith pallet. Replaced failed rate gyro #2 and RPCM on S0. Installed 2 GPS antennas. Removed Node1 slidewire as prep for Node3. Installed two S0-Node3 cables (one connector unable to mate). Helmet TV camera/lights almost lost overboard due to bumped latches', 114),
         (205, '2009-11-19', '06:37:00', 'ISS based EVA. Installed spare Sband antenna and cables for spare Kuband antenna. Prepped for Node3 install (replace handrail w/ NH3 line bracket). Lubricated end effectors of mobile transporter payload base and JEM robot arm. Installed FGB-Node1 network cable. Deployed S3 payload attach structure', 115),
         (206, '2009-11-21', '06:08:00', 'ISS based EVA. Installed ham radio antennas on Columbus. Relocated floating potential measure unit from S1 to P1. Deployed the last two payload attach structures and installed wireless video transcvr (all on S3). Retrieved foot restraint for cabin reconfig and relocated tool stanchion. Photographed suspect seals on Node 2 berth mechanism', 115),
         (207, '2009-11-23', '05:42:00', 'ISS based EVA. Start delayed by detached drink bag valve. Relocated some airlock MMOD shields and installed O2 tank outside US airlock. Installed MISSE experiments 7A & 7B on external logistics carrier. Released bolt on NH3 tank. Installed thermal covers on mobile base and two fluid jumpers. Relocated a foot restraint', 115),
         (208, '2010-02-12', '06:32:00', 'ISS based EVA. Prepared Node 3 for ISS install by removing covers and heater cables. Prepositioned ammonia lines and thermal covers. Installed Node 3 avionics and heater cables. Removed/stowed the SPDM ORU Temporary Platform (OTP). Relocated NH3 jumper bag and released tape restraining Node 3 gap spanners. One suit fan degraded slightly', 116),
         (209, '2010-02-14', '05:53:00', 'ISS based EVA. Outfitted Node 3 by installing 2 NH3 lines', 116),
         (210, '2010-02-17', '05:48:00', 'ISS based EVA. Connected PMA3 heater and data cables. Opened loop B NH3 line. Disconnected Node 3 temp heater cable. Removed Cupola thermal covers and released launch locks of window shutters Installed Node 3 handrails', 116),
         (211, '2010-04-09', '06:28:00', 'ISS based EVA. Temp stowed new NH3 tank on ISS robot arm. Retrieved JAXAA''s MPAC/SEED experiment for return. Replaced rate gyro assembly #1. Relocated a foot restraint socket extender. Removed P1 flex hose rotary coupler launch restraint bolts and released cable clamps. Tightened grapple fixture attachment bolts of old NH3 tank as prep for return to Shuttle', 117),
         (212, '2010-04-11', '07:26:00', 'ISS based EVA. Removed old NH3 tank and temp stowed on CETA cart. Overcame a troublesome bolt and installed new NH3 tank/cables. Installed 2 radiator grapple beams and relocated a foot restraint', 117),
         (213, '2010-04-13', '06:24:00', 'ISS based EVA. Finished installing new NH3 tank (fluid lines). Stowed old NH3 tank (despite a balky bolt) and airlock MMOD shields for Shuttle return. Relocated grapple fixture from old tank to new tank. As prep for next Shuttle flt', 117),
         (214, '2010-05-17', '07:25:00', 'ISS based EVA. Installed an operational spare Ku antenna boom and dish on Z1. Installed ORU holder on SPDM. Loosened bolts on new batteries for P6', 118),
         (215, '2010-05-19', '07:09:00', 'ISS based EVA. Unsnagged cable of orbiter inspection boom sensor. Replaced 4 batteries on P6. Finished bolting Ku antenna dish to boom and releasing launch locks', 118),
         (216, '2010-05-21', '06:46:00', 'ISS based EVA. Installed NH3 jumper on port truss. Replaced 2 batteries on P6. Transferred grapple fixture to ISS for later install on FGB.', 118),
         (217, '2010-08-07', '08:03:00', 'ISS based EVA. Demated 3 of 4 NH3 connectors from failed coolant pump', 19),
         (218, '2010-08-11', '07:26:00', 'ISS based EVA. After remote cmds reduced upstream pressure', 19),
         (219, '2010-08-16', '07:20:00', 'ISS based EVA. Installed new coolant pump and stowed support equipment. Connected CETA carts to mobile transporter for unobstructed remote cmd translation.', 19),
         (220, '2011-02-28', '06:34:00', 'ISS based EVA. Installed backup power cable for new stowage module. Relocated failed pump module and prepped it for NH3 venting to enable future return. Repositioned Z1 truss RPCM thermal blanket and an EVA foot restraint socket extension. Retrieved foot restraint for incabin maintenance. Added wedge to S1 camera for clearance with nearby logistics carrier. Enabled MT and CETA cart translation past stbd solar array joint by installing rail extensions and removing stops. Collected vacuum in JAXA experiment bottle.', 119),
         (221, '2011-03-02', '06:14:00', 'ISS based EVA. Late start due to suit leak from damaged CO2 can O-ring. Vented NH3 from failed pump module enabling future return. Retrieved tool stowage bags used in past pump replacement. Installed light on port CETA cart', 119),
         (222, '2011-05-20', '06:19:00', 'ISS based EVA. Retrieved MISSE 7. Installed MISSE 8', 120),
         (223, '2011-05-22', '08:07:00', 'ISS based EVA. Reconnected fill line', 120),
         (224, '2011-05-25', '06:54:00', 'ISS based EVA. Installed FGB PDGF/stand', 120),
         (225, '2011-05-27', '07:24:00', 'ISS based EVA. Permanently stowed orbiter inspection boom on ISS to expand future EVA/robotic reach for maint. Removed P6 PDGF and installed on orbiter boom in place of EFGF to enable SSRMS handling. Released expandable diam fasteners of spare SPDM arm. EV2 topped off suit O2. Took photos of DOD experiments.', 120),
         (226, '2011-07-12', '06:31:00', 'ISS based EVA. Transfered failed 1400lb pump module from ISS to Shuttle for return. Transfered GSFC''s satellite robotic refueling demo unit from Shuttle to ISS. Add MISSE 8''s ORMATE optical mirror experiment to ISS. As getaheads', 37),
         (227, '2012-08-30', '08:17:00', 'ISS based EVA. Installed 1 of 2 power cables for future MLM use. Removed and stowed failed MBSU. Unable to install new MBSU and left it tied down. Contaminated sublimator plate reduced cooling at end of EVA and led to suit declared no-go for future', 41),
         (228, '2012-09-05', '06:28:00', 'ISS based EVA. Removed MBSU after releasing alignment sensitive bolt. Photographed', 41),
         (229, '2012-11-01', '06:38:00', 'Bypassed coolant system ammonia leak with jumper connections and backup radiator deployment. Inspected solar array joint for cause of recent increase in friction.', 41),
         (230, '2013-05-11', '05:31:00', 'Replaced P6 truss pump flow control system box due to leak in coolant system. Stowed old unit. Performed precautionary ammonia bakeout.', 42),
         (231, '2013-07-09', '06:07:00', 'Replaced failed Ku antenna avionics. Retrieved 2 materials exposure experiments. Took photos of contaminated radiator of AMS. Installed 2 radiator grapple bars. Routed MLM power cable to FGB. Removed failed camera of mobile transporter. Installed PMA2 MMOD cover', 43),
         (232, '2013-07-16', '01:32:00', 'EVA terminated early due to free water in EV2''s helmet. Completed install of Z1 bypass jumper cable and FGB PDGF data cable. Partially routed MLM data cable.', 43),
         (233, '1965-03-18', '00:12:00', 'Worlds first EVA', 151),
         (234, '1969-01-16', '00:37:00', 'New airlock', 55),
         (235, '1973-09-01', '00:00:00', 'New Orlan D suits checked out inside cabin', 51),
         (236, '1977-12-20', '01:28:00', 'Docking unit inspection. Tested new Orlan D suits. G. saves R. from untethered loss out of airlock. Both always attached via umbilicals??', 52),
         (237, '1978-07-29', '02:05:00', 'Replace scientific samples', 53),
         (238, '1979-08-15', '01:23:00', 'Free damaged/jammed 10m diameter KRT-10 antenna with cable cutters', 54),
         (239, '1982-07-30', '02:33:00', 'Replace scientific equipment', 60),
         (240, '1983-01-11', '02:49:00', 'After in-cabin improvised repair of damaged suit leg bladder using aluminum ring and rubber', 61),
         (241, '1983-03-11', '02:55:00', 'Install second solar array addition', 61),
         (242, '1984-04-23', '04:15:00', 'Place tool boxes', 56),
         (243, '1984-04-26', '05:00:00', 'Install pipe/valve', 56),
         (244, '1984-04-29', '02:45:00', 'Add pipe', 56),
         (245, '1984-05-04', '02:45:00', 'Continue leaky propellant line repair/replace', 56),
         (246, '1984-05-18', '03:03:00', 'Install solar array additions (2). Jettison boxes', 56),
         (247, '1984-08-08', '05:00:00', 'Remove thermal cover w/ special tool. Seal leaky propellant oxidizer pipe with pinching device. Cut free & bring in solar array section', 56),
         (248, '1984-07-25', '03:34:00', 'First female EVA. Welding', 57),
         (249, '1985-02-08', '04:58:00', 'Install solar array addition (2)', 58),
         (250, '1986-05-28', '03:40:00', 'Ferma-Postroite 15m truss deploy/stow. Install Mayak optical instrument. Retrieve ISTOK-EM material samples. Test new Orlan DM suits', 59),
         (251, '1986-05-31', '05:01:00', 'Ferma-Postroite 15m truss deploy after installing vibration measurement unit. Complete Mayak deploy manually. Weld truss joints. ', 59),
         (252, '1987-04-11', '03:39:00', 'Debris removed to restore docking between Kvant and Mir modules. Robot arm temporarily increased distance between Kvant & Mir for manual debris access. L. tried low suit P reg position which did not immediately stabilize', 80),
         (253, '1987-06-12', '01:53:00', 'Assembly of modified solar arrays', 80),
         (254, '1987-06-16', '03:15:00', 'Assembly of modified solar arrays', 80),
         (255, '1988-02-26', '04:10:00', 'Disassemble modified arrays', 82),
         (256, '1988-06-30', '05:10:00', 'Replace Xray telescope detector module', 82),
         (257, '1988-10-20', '04:12:00', 'Complete replacement of telescope detector module', 82),
         (258, '1988-12-09', '05:57:00', 'French ERA truss experiment deploy and jettison. Deploy Enchantillon materials experiment', 83),
         (259, '1990-01-08', '02:57:00', 'Install 2 star trackers on Kvant 1. Remove MMK2 panel from base block', 84),
         (260, '1990-01-11', '02:58:00', 'Kvant 1 science installed (Arfa-9', 84),
         (261, '1990-01-26', '03:02:00', 'MMU mooring post/winch installed', 84),
         (262, '1990-02-01', '04:59:00', 'Checkout Kvant 2 airlock & new Orlan DMA. MMU flown tethered for 40 min to 33m. ', 84),
         (263, '1990-02-05', '03:45:00', 'Checkout Kvant 2 airlock & new Orlan DMA. MMU flown tethered for 93 min to 45m. SPIN-6000 rad sensor on MMU', 84),
         (264, '1990-07-17', '07:00:00', 'Reattach Soyuz thermal insulation blanket', 85),
         (265, '1990-07-26', '03:52:00', 'Soyuz repair access ladder stowed. Kvant 2 airlock hatch inspected and forced closed', 85),
         (266, '1990-10-29', '03:05:00', 'Kvant 2 airlock hatch repair (remove insulation', 62),
         (267, '1991-01-07', '05:19:00', 'Kvant 2 airlock hatch hinge replacement', 63),
         (268, '1991-01-23', '05:34:00', 'Cargo transfer boom installed on core module (using bolt hole punch). Ferrer science retrieved', 63),
         (269, '1991-01-26', '06:19:00', 'Truss installation for solar arrays on Kvant-1. Install Kurs reflectors. Accidental damage to Kurs', 63),
         (270, '1991-04-25', '03:34:00', 'Inspect damaged Kurs antenna on Kvant-1. Install repaired ATLAS TV camera. Test thermo mechanical joints of Sofora truss', 63),
         (271, '1991-06-25', '04:58:00', 'Repair Kvant1 Kurs antenna. Connect ATLAS TV connectors. Test thermo mechanical joints of Sofora truss', 64),
         (272, '1991-06-28', '03:24:00', 'Install TREK radiation exp. Install scanning TV camera for EVA monitoring', 64),
         (273, '1991-07-15', '05:56:00', 'Transfer Sofora 14.5m truss mounting platform to Kvant1', 64),
         (274, '1991-07-19', '05:28:00', 'Assemble Sofora 14.5m truss (sections 1-3)', 64),
         (275, '1991-07-23', '05:42:00', 'Assemble Sofora 14.5m truss (sections 4-14)', 64),
         (276, '1991-07-27', '06:49:00', 'Assemble and elevate Sofora 14.5m truss (sections 15-17). A. helmet fogged over forcing guide down truss by K. Jettison old suit', 64),
         (277, '1992-02-20', '04:13:00', 'V. suit cooling sublimator failed so must stay on umbilical. Base block solar panel section collected. Material experiments deployed and retrieved on Kvant2 (Sprut', 65),
         (278, '1992-07-08', '02:03:00', 'Kvant 2 gyrodyne inspected after insulation blankets cut. Test EVA binoculars', 66),
         (279, '1992-03-09', '03:56:00', 'Prepare 700kg thruster box for Sofora truss. Install truss hinge lock', 67),
         (280, '1992-07-09', '05:08:00', 'Install thruster control cables on Sofora truss. Attach truss to thruster box mounted on Progress', 67),
         (281, '1992-09-11', '05:44:00', 'Install thruster box on Sofora truss and deploy to ops pos', 67),
         (282, '1992-09-15', '03:33:00', 'Move Kurs antenna on Kristall. Retrieve science', 67),
         (283, '1993-04-19', '05:25:00', 'Relocated solar array control base from Kristall to Kvant-1. Vent problem in 1 suit', 68),
         (284, '1993-06-18', '04:32:00', 'Relocated second solar array base from Kristall to Kvant-1', 68),
         (285, '1993-09-16', '04:19:00', 'Install stowed Rapana small truss on Kvant1. Install material samples (Indikator', 69),
         (286, '1993-09-20', '03:13:00', 'Deploy Rapana small truss with material samples ', 69),
         (287, '1993-09-28', '01:51:00', 'Inspect for Perseid meteor shower damage. Place Danko-M construction materials for exposure. Retrieve one TREK panel. Cooling system failure in T''s suit shortens EVA', 69),
         (288, '1993-10-22', '00:37:00', 'Exterior inspections started. SKK science deployed. O2 failure in S''s suit stops work', 69),
         (289, '1993-10-29', '04:12:00', 'Complete Panorama exterior inspections', 69),
         (290, '1994-09-09', '05:05:00', 'Inspect Progress docking system', 70),
         (291, '1994-09-13', '06:05:00', 'Inspect Kristall solar arrays before retraction/move to Kvant-1. Tighten restraint bolts for Sofora and solar array bases. Mount amateur radio antenna. Retrieve Rapana science samples. ', 70),
         (292, '1995-05-12', '06:08:00', 'Install electrical cables and adjust solar array actuators on Kvant-1. Practice folding 3 solar array panels on Kristall', 71),
         (293, '1995-05-17', '06:50:00', 'Fold one Kristall solar array', 71),
         (294, '1995-05-22', '05:15:00', 'Fold all but 10 feet of second Kristall solar array and finish installing other array on Kvant-1', 71),
         (295, '1995-05-29', '00:21:00', 'Move base block docking port for Kristall move', 71),
         (296, '1995-06-16', '00:23:00', 'Move base block docking port in prep for Spektr docking', 71),
         (297, '1995-07-14', '05:34:00', 'Cut launch restraint of Spektr solar array with U.S. tool', 72),
         (298, '1995-07-19', '03:06:00', 'Recover TREK. Install Komplast. Recover SKK-4', 72),
         (299, '1995-07-21', '05:44:00', 'Deploy Miras', 72),
         (300, '1995-10-20', '05:16:00', 'Deploy ESEF materials experiment and replace Komza cassettes on Spektr', 86),
         (301, '1995-12-08', '00:32:00', 'Move base block docking port as prep for Priroda docking', 86),
         (302, '1996-02-08', '03:06:00', 'Retrieve ESEF sample cassettes from Spektr. Relocate MMU to stow site on Kvant-2 exterior', 86),
         (303, '1996-03-15', '05:51:00', 'Deploy second cargo crane. Prepare solar array install site on Kvant-1', 73),
         (304, '1996-05-21', '05:20:00', 'Relocate cooperative array from DM to Kvant-1. Pepsi mockup photography', 73),
         (305, '1996-05-24', '05:43:00', 'Install 1/2 of cooperative array cables on Kvant1', 73),
         (306, '1996-05-30', '04:20:00', 'Deploy MOMS experiment on Priroda. Open exp covers', 73),
         (307, '1996-06-06', '03:34:00', 'Deploy U.S. PIE/MSRE experiments on Kvant-2. Replace Komza cassettes. Install SKK-11. Pepsi mockup photography ', 73),
         (308, '1996-06-13', '05:42:00', 'Manually assist Priroda Travers antenna. Tighten Sofora truss fasteners. Retrieve samples and secure Rapana truss to Sofora. Install and deploy Ferma-3 truss experiment', 73),
         (309, '1996-12-02', '05:57:00', 'Install last 1/2 of cables for cooperative array on Kvant-1. Connect solar array power cables on base block. Relocate Rapana truss to Ferma-3 truss', 74),
         (310, '1996-12-09', '06:36:00', 'Install Kurs antenna on docking module (including routing/mating cable to Kristall). Tighten connector of amateur radio antenna on base block', 74),
         (311, '1997-04-29', '04:57:00', 'Deploy OPM and TLD/Benton dosimeters. Retrieve PIE and MSRE. Use U.S. EVA tether and 35mm camera. First use of new Orlan M suits', 75),
         (312, '1997-08-21', '05:30:00', 'Connect solar array power cables inside Spektr. Inspect Spektr interior for leaks. Retrieve science and personal hardware from Spektr.', 76),
         (313, '1997-09-06', '06:00:00', 'Inspect Spektr exterior for leak sites (video under radiator and measure gap around solar array base). Rotate 2 Spektr solar arrays. Retrieve Benton dosimeter.', 76),
         (314, '1997-10-20', '06:10:00', 'Connect 2 of 3 solar array orientation cables inside Spektr. ', 76),
         (315, '1997-11-03', '06:05:00', 'Release Sputnik anniversary satellite. Tiedown old solar array from Kvant-1 to base block. Install Vozduk CO2 system external cap. Retrieve base block solar array sample. Retrieve/deploy Kvant-2 science. Kvant-2 outer hatch leaks. Ingress via backup airlock.', 76),
         (316, '1997-11-06', '06:19:00', 'Transfer new solar array from docking module to Kvant-1. First handoff of stowed array from one crane to second. Remove Vozduk external cap and install outlet diffuser. Kvant-2 outer hatch inspected then sealed with aid of backup bolts.', 76),
         (317, '1998-01-09', '03:06:00', 'Retrieve U.S. OPM experiment from docking module. Kvant-2 hatch inspected', 76),
         (318, '1998-01-14', '03:52:00', 'Use SPSR experiment on Kvant-2 radiator. Kvant-2 airlock hatch inspected and bolted closed', 76),
         (319, '1998-03-03', '00:00:00', 'Manual wrenches inadequate to release hatch bolts. Spektr solar array reinforcement deferred.', 77),
         (320, '1998-04-01', '06:26:00', 'Install handrails and foot restraints on Spektr around damaged solar array. ', 77),
         (321, '1998-04-06', '04:23:00', 'Reinforce Spektr solar array. Retrieve Komza ', 77),
         (322, '1998-04-11', '06:25:00', 'Jettison VDU roll thruster package from Sofora top', 77),
         (323, '1998-04-17', '06:33:00', 'Prepare new VDU for Sofora mating. Clear Ferma-3 & Rapana trusses. Tighten Sofora bolts', 77),
         (324, '1998-04-22', '06:21:00', 'Install new VDU on Sofora and erect to vertical pos. Jettison of ???????', 77),
         (325, '1998-09-15', '00:30:00', 'Internal EVA inside Spektr to connect solar array orientation cable in response to avionics failure.', 78),
         (326, '1998-11-10', '05:50:00', 'Manual launch of Sputnik demo satellite. Install Dvikon suit material exposure experiment on base block Igla antenna. Retrieve bagged sample after thruster exhaust exposure. Attach and deploy experimental solar array on docking module trunnion. Replace thermal blanket over pwr connectors. Retrieve Keramika', 78),
         (327, '1999-04-16', '06:19:00', 'Attempted demo of leak repair device failed due to valve failure. Deployed organic material exposure experiment and retrieved French MMOD experiment. Manual launch of Sputnik demo satellite. ', 79),
         (328, '1999-07-23', '06:07:00', 'Installed a new experimental 6-meter diameter antenna on Sofora truss but failed to deploy it fully. Unsuccessfully sought source of small leak in Kvant-2 atmosphere. Retrieved the Exobiology and Dvikon experiments. ', 79),
         (329, '1999-07-28', '05:22:00', 'Finished full deploy of an experimental 6-meter antenna on Sofora truss. At the end of the experiment the antenna was jettisoned. Also installed experiments Indicator and Sprut-4', 79),
         (330, '2000-05-12', '05:30:00', 'Inspected and photographed short circuit damaged solar array cable on Kvant-1. Tested module leak repair sealant on sample panel. Retrieved a solar array test sample from the docking module. Conducted general inspection/photography of health of Mir exterior (panorama)', 81),
         (331, '2001-06-08', '00:19:00', 'Relocated SM docking port as prep for DC1 docking. Tested Orlan suits launched with SM.', 31),
         (332, '2001-10-08', '04:58:00', 'First EVA from DC-1. Installed Tranzit-B cable for EVA radio communications between the SM and DC-1. Installed 4 hatch handrails', 38),
         (333, '2001-10-15', '05:52:00', 'Installed Kromka at SM port location. Installed Japanese contracted MPAC-SEEDS materials experiments (3) on outside of SM. Replaced Russian flag placard with Kodak sign (material durability tests). EVA hatch was briefly stuck in temp stow position. Orlan gloves bagged post EVA.', 38),
         (334, '2001-11-12', '05:04:00', 'DC1-SM hatch leaked during initial depress. Wipe of seals and reclosure resolved leak (30 minute delay). Connected Kurs cables (4 hi freq and 3 low freq) outside Pirs DC-1. Installed tether between DC1 egress ladder and SM. Completed checks of the Strela crane. Inspected and photographed a partially deployed panel of SM solar array.', 38),
         (335, '2001-12-03', '02:46:00', 'Removed debris on SM aft port that prevented Progress vehicle #6 from completing hard dock. Photoed and removed Progress #5 seal debris.', 38),
         (336, '2002-01-14', '06:03:00', 'Relocated a cargo boom for the Russian Strela crane from PMA-1 to Pirs DC-1. Installed amateur radio antenna WA3 and cables onto the aft of SM. Jettisoned gloves and wiping towels?', 44),
         (337, '2002-01-25', '05:59:00', 'Installed 6 thruster deflector shields on SM. Installed an amateur radio antenna (WA4) and retrieved/ replaced Kromka device to measure thruster deposits. Installed 1 Platan-M radiation experiment and 3 SKK materials experiments.', 44),
         (338, '2002-08-16', '04:25:00', 'EVA delayed 1:43 due to missed opening of primary O2 bottles in both suits. Removed 6 MMOD shield panels from PMA-1 and installed them on SM. Deferred EVA tasks for swab of fuel/oxidizer residue and installation of Kromka experiment. ', 45),
         (339, '2002-08-26', '05:21:00', 'Installed ORU attachment frame outside FGB to house components for EVA assembly tasks. Retrieved and replaced panel #1 of Japan''s MPAC/SEEDs materials experiments outside SM. Installed 4 fairleads on FGB for future routing of tethers. Added two ham radio antennas on SM (WA1 & WA2). Replaced the earlier deferred Kromka hardware. Inspected MMOD sensor outside SM.', 45),
         (340, '2004-02-26', '03:55:00', 'Replaced an SKK removable materials sample cassette from DC-1. Retrieved Japanese MPAC/SEEDS panel #2 and relocated MPAC/SEEDS panel #3. Installed ESA Matryoshka experiment. Removed two Velcro straps from the SM''s WA2 ham radio antenna. Replaced two SKK removable materials sample cassettes on SM. Suit cooling system failure ended work 1.5 hours early. Did not retrieve/relocate ATV reflectors for ESA', 46),
         (341, '2004-06-24', '00:14:00', 'Fincke''s Orlan O2 injector lever not in fully closed position. EVA attempt terminated early.', 47),
         (342, '2004-06-30', '05:39:00', 'Replaced RPCM on SO truss for CMG #2 after extending and translating along Strela crane. Completed getahead tasks on DC1 (contamination sensor', 47),
         (343, '2004-08-03', '04:30:00', 'Installed 2 ATV antennas. Removed 6 ATV laser reflectors and installed 3 new reflectors. Demated cable from failed ATV camera. Replaced several experiments (Kromka thruster contam', 47),
         (344, '2004-09-03', '05:21:00', 'Replaced FGB thermal system fluid control unit. Installed 4 safety tether fairleads on FGB. Stopped motion to aid test for phantom torque upon CMGs. Installed 3 ATV antennas on SM and removed 5 antenna covers. Installed 3 of 4 handrail end stops on DC1 fwd hatch. Photographed MPAC/SEEDS experiment. Jettisoned antenna covers', 47),
         (345, '2005-01-26', '05:28:00', 'Installed science workstation and German Rokviss robotic experiment on SM. Transfered MPAC/SEEDs experiment panel to new location on same stand. Installed Rokviss antenna on MPAC/SEEDs mounting structure (cable reconnection due to initial mating error). Photoed contamination on vent valves of Elektron', 22),
         (346, '2005-03-28', '04:30:00', 'Installed 3 ATV antennas on SM fwd end. Jettisoned German Nanosputnik experiment. Installed ATV GPS antenna on SM aft end. Photographed/observed ONA antenna drive to aid MCC-M troubleshooting. Inpected ATV retroreflector for contamination (little found). Jettisoned elec caps', 22),
         (347, '2005-08-18', '04:58:00', 'Retrieve canister #1 of the Biorisk experiment can #1', 23),
         (348, '2006-02-03', '05:44:00', 'Jettisoned life expired Orlan suit with Ham radio inside (RadioSkaf or Suit Sat). Relocated Strela adapter from FGB to PMA-3. Removed zenith TUS cable from IUA', 24),
         (349, '2006-06-02', '06:31:00', 'Installed new hydrogen vent for Elektron O2 generator. Retrieved Kromka', 25),
         (350, '2006-11-22', '05:38:00', 'Performed golf demo (one ball jettisoned). Inspected but unable to stow Progress antenna. Relocated ATV antenna impairing SM reboost engine. Installed solar radiation experiment (minus data cable)', 26),
         (351, '2007-02-22', '06:18:00', 'Cut/cleared Progress antenna interfering with undocking. Adjusted ATV antenna interfaces. Replaced a materials experiment. Installed data cable of radiation experiment. Photographed ATV reflectors and numerous experiments. Installed 2 foot restraints outside airlock. Inspected safety of cargo crane mechanisms. Successfully used new LED helmet lights. EV1''s sublimator breakthru caused helmet fogging before reset correction.', 26),
         (352, '2007-05-30', '05:25:00', 'Start delayed 45 minutes due to comm misconfig. Transferred MMOD panels from PMA3 to SM and installed 5 of 17 panels. Installed ATV GPS antenna cable. Suit wrist mirror lost overboard.', 27),
         (353, '2007-06-06', '05:37:00', 'Installed SM-FGB cable for local area network (LAN) and Biorisk science experiment. Installed last 12 MMOD shields on SM. ', 27),
         (354, '2008-07-10', '06:19:00', 'Removed a pyrobolt from 1 of 5 Soyuz capsule restraints. First use of US helmet TV on Orlan. Lost tool and insulation fragments overboard. Jettisoned thruster cover bounced off radiator in wrong direction.', 28),
         (355, '2008-07-15', '05:54:00', 'Prepped for new module (MRM2) installation by installing a SM docking target and inspecting antenna attach points. Installed Vsplesk cosmic radiation experiment and retrieved Biorisk experiment. Unbent a ham radio antenna.', 28),
         (356, '2008-12-23', '05:39:00', 'Installed Langmuir probe to aid Soyuz reentry sep analysis. Retrieved a BIORISK can. Installed EXPOSE R and Impulse experiments. Had to deinstall and return EXPOSE R to cabin when it wouldnt activate. Deferred other tasks. Failed valve forced use of stored gas to repress airlock.', 29),
         (357, '2009-03-10', '04:48:00', 'Cut off excess length of fabric straps near DC1 antennas and docking target. Reinstalled EXPOSE-R experiment and adjusted orientation of SKK experiment panel. Closed thermal insulation flap over electrical connector panel. Photographed external hardware', 29),
         (358, '2009-06-05', '04:54:00', 'First use of new Orlan MK suits with digital caution/warning electronics. Started 1 hour late due to faulty CO2 readings. Installed two docking navigation antennas on zenith port of service module as prep for MRM2 arrival', 30),
         (359, '2009-06-10', '00:12:00', 'Relocated docking cone to zenith port of Service Module as prep for MRM2 arrival', 30),
         (360, '2010-01-14', '05:44:00', 'Prepped new module (MRM2) for Soyuz/Progress usage by installing Kurs navigation antennas/cables and docking targets. Installed 2 hatch handrails', 32),
         (361, '2010-07-27', '06:42:00', 'Replaced degraded ATV docking camera and jettisoned old unit. Removed launch restraints from MRM1 camera. Installed cables to enable dockings to MRM1. Lost cable clamp', 33),
         (362, '2010-10-15', '06:27:00', 'Installed experiment platform on SM large diameter', 34),
         (363, '2011-01-21', '05:23:00', 'Installed 100Mb/sec data downlink antenna and its cables. Retrieved plasma and ExposeR materials exposure experiments. Finished installation of MRM1 docking TV camera by cutting into impeding thermal blanket. Jettisoned antenna cover and cable reel', 35),
         (364, '2011-02-16', '04:51:00', 'Installed Photon-Gamma and Radiometria experiments on SM. Jettisoned foot restraint. Retrieved Komplast panels from FGB.', 35),
         (365, '2011-08-03', '06:23:00', 'Installed laser comm and Biorisk experiments. Jettisoned covers of laser experiment. After delay due to broken rcvr antenna', 36),
         (366, '2012-02-16', '06:15:00', 'Relocated 1st strela crane from DC1 to MRM1 and jettisoned base thermal cover. Installed materials exposure experiment and took 1 of 2 swab samples of contamination under thermal blanket. Due to time', 39),
         (367, '2012-08-20', '05:51:00', '1 hr late start due to airlock valve. Relocated cargo crane from DC1 to FGB as prep for MLM. Installed MMOD shields on Service Module and support struts for airlock exit ladder. Deployed small satellite and retrieved Biorisk experiment canister', 40),
         (368, '2013-04-19', '06:38:00', 'Installed plasma experiment/cables/probes', 42),
         (369, '2013-06-24', '06:34:00', 'Power cable clamps installed and Kurs tested in prep for MLM. Replaced FGB flow control valve. Installed INDICATOR of CONTROL space experiment on MRM2. Removed VINOSLIVOST experiment from MRM-2 and PHOTON-GAMMA from SM. Installed 3 of 5 SM handrail gap spanners', 43),
         (370, '2013-08-16', '07:29:00', ' Installed VINOSLIVOST experiment on MRM2', 43),
         (371, '2013-08-22', '05:58:00', ' Retrieved laser downlink comm experiment from SM and replaced it with a biaxial camera pointing system.  Inspected all 6 ATV WAL PCE antennas and tightened loose screws that lost an antenna cover overboard.  collected surface Test samples on MRM2 EV Hatch 2  Installed 2 gap spanners on SM Displayed Russian flag for national holiday', 43),
         (372, '1990-04-24', '00:00:00', 'In suits in airlock at 5psi awaiting GO to manually deploy stuck solar array.  Waived off when auto sys worked', 121),
         (373, '1996-03-27', '00:00:00', 'Loose screw jammed in hatch latch actuator prevented airlock egress', 142),
         (374, '1982-11-14', '00:00:00', 'Suit fan and O2 regulator failures prevented first Shuttle EVA.  No spare suit onboard', 127);


CREATE TABLE evas_crews(
  eva_id int not null,
  astronaut_id int not null,
  PRIMARY KEY (eva_id, astronaut_id),
  FOREIGN KEY (eva_id) REFERENCES evas(id),
  FOREIGN KEY (astronaut_id) REFERENCES astronauts(id)
);

INSERT INTO evas_crews(eva_id, astronaut_id)
VALUES (1, 46), 
       (2, 39), 
       (3, 47), 
       (4, 86), 
       (5, 86), 
       (6, 111), 
       (7, 111), 
       (8, 17), 
       (9, 17), 
       (10, 17), 
       (11, 39), 
       (12, 121), 
       (13, 17), 
       (13, 95), 
       (14, 17), 
       (14, 95), 
       (15, 3), 
       (15, 104), 
       (16, 3), 
       (16, 104), 
       (17, 3), 
       (17, 104), 
       (18, 2), 
       (18, 44), 
       (19, 2), 
       (19, 44), 
       (20, 2), 
       (20, 44), 
       (21, 39), 
       (22, 39), 
       (22, 59), 
       (23, 39), 
       (23, 59), 
       (24, 39), 
       (24, 59), 
       (25, 39), 
       (25, 59), 
       (26, 5), 
       (27, 21), 
       (27, 74), 
       (28, 21), 
       (28, 74), 
       (29, 21), 
       (29, 74), 
       (30, 21), 
       (30, 74), 
       (31, 142), 
       (32, 47), 
       (32, 56), 
       (33, 47), 
       (33, 56), 
       (34, 47), 
       (34, 56), 
       (35, 47), 
       (35, 56), 
       (36, 119), 
       (37, 70), 
       (37, 102), 
       (38, 70), 
       (38, 104), 
       (39, 102), 
       (39, 104), 
       (40, 58), 
       (40, 98), 
       (41, 58), 
       (41, 98), 
       (42, 3), 
       (42, 98), 
       (43, 12), 
       (43, 43), 
       (44, 12), 
       (44, 52), 
       (45, 43), 
       (45, 52), 
       (46, 10), 
       (46, 69), 
       (47, 40), 
       (47, 131), 
       (48, 15), 
       (48, 16), 
       (49, 15), 
       (49, 16), 
       (50, 51), 
       (50, 60), 
       (51, 51), 
       (51, 60), 
       (52, 35), 
       (52, 76), 
       (53, 28), 
       (53, 69), 
       (54, 28), 
       (54, 69), 
       (55, 34), 
       (55, 62), 
       (56, 9), 
       (56, 60), 
       (57, 9), 
       (57, 60), 
       (58, 65), 
       (58, 146), 
       (59, 65), 
       (59, 146), 
       (60, 61), 
       (60, 65), 
       (61, 61), 
       (61, 65), 
       (62, 106), 
       (62, 113), 
       (63, 106), 
       (63, 113), 
       (64, 137), 
       (65, 77), 
       (65, 139), 
       (66, 54), 
       (66, 83), 
       (67, 38), 
       (67, 64), 
       (68, 20), 
       (68, 66), 
       (69, 62), 
       (69, 131), 
       (70, 77), 
       (70, 139), 
       (71, 62), 
       (71, 131), 
       (72, 77), 
       (72, 139), 
       (73, 62), 
       (73, 131), 
       (74, 18), 
       (74, 84), 
       (75, 8), 
       (75, 88), 
       (76, 68), 
       (76, 91), 
       (77, 29), 
       (77, 80), 
       (79, 81), 
       (79, 112),
       (80, 84), 
       (80, 129), 
       (81, 54), 
       (81, 71), 
       (82, 84), 
       (82, 129), 
       (83, 54), 
       (83, 71), 
       (84, 84), 
       (84, 129), 
       (85, 122), 
       (85, 144), 
       (86, 134), 
       (86, 145), 
       (87, 134), 
       (87, 145), 
       (88, 65), 
       (88, 66), 
       (89, 65), 
       (89, 66), 
       (90, 65), 
       (90, 66), 
       (91, 29), 
       (91, 135), 
       (92, 72), 
       (92, 129), 
       (93, 25), 
       (93, 88), 
       (94, 72), 
       (94, 129), 
       (95, 63), 
       (95, 68), 
       (96, 45), 
       (97, 11), 
       (97, 80), 
       (98, 64), 
       (98, 93), 
       (99, 11), 
       (99, 80), 
       (100, 64), 
       (100, 93), 
       (101, 19), 
       (101, 71), 
       (102, 19), 
       (102, 71), 
       (103, 19), 
       (103, 71), 
       (104, 14), 
       (104, 140), 
       (105, 14), 
       (105, 140), 
       (106, 14), 
       (106, 140), 
       (107, 68), 
       (107, 133), 
       (108, 7), 
       (108, 101), 
       (109, 23), 
       (109, 122), 
       (110, 23), 
       (110, 122), 
       (111, 67), 
       (111, 91), 
       (112, 67), 
       (112, 91), 
       (113, 67), 
       (113, 91), 
       (114, 29), 
       (114, 100), 
       (115, 29), 
       (115, 100), 
       (116, 33), 
       (116, 81), 
       (117, 20), 
       (117, 31), 
       (118, 72), 
       (118, 114), 
       (119, 66), 
       (119, 94), 
       (120, 72), 
       (120, 114), 
       (121, 66), 
       (121, 94), 
       (122, 72), 
       (122, 114), 
       (123, 109), 
       (123, 129), 
       (124, 65), 
       (124, 79), 
       (125, 109), 
       (125, 129), 
       (126, 65), 
       (126, 79), 
       (127, 48), 
       (127, 105), 
       (128, 48), 
       (128, 105), 
       (129, 48), 
       (129, 105), 
       (130, 37), 
       (130, 107), 
       (131, 37), 
       (131, 107), 
       (132, 37), 
       (132, 107), 
       (133, 73), 
       (133, 93), 
       (134, 73), 
       (134, 93), 
       (135, 73), 
       (135, 93), 
       (136, 41), 
       (136, 78), 
       (137, 41), 
       (137, 78), 
       (138, 124), 
       (138, 128), 
       (139, 124), 
       (139, 128), 
       (140, 124), 
       (140, 128), 
       (141, 11), 
       (141, 143), 
       (142, 90), 
       (142, 107), 
       (143, 90), 
       (143, 107), 
       (144, 90), 
       (144, 107), 
       (145, 63), 
       (145, 136), 
       (146, 57), 
       (146, 71), 
       (147, 30), 
       (147, 127), 
       (148, 57), 
       (148, 71), 
       (149, 24), 
       (149, 117), 
       (150, 24), 
       (150, 117), 
       (151, 117), 
       (151, 132), 
       (152, 24), 
       (152, 117), 
       (153, 93), 
       (153, 132), 
       (154, 93), 
       (154, 132), 
       (155, 93), 
       (155, 132), 
       (156, 32), 
       (156, 67), 
       (157, 99), 
       (157, 130), 
       (158, 32), 
       (158, 67), 
       (159, 99), 
       (159, 130), 
       (160, 26), 
       (160, 49), 
       (161, 36), 
       (161, 115), 
       (162, 36), 
       (162, 115), 
       (163, 26), 
       (163, 115), 
       (164, 26), 
       (164, 36), 
       (165, 42), 
       (165, 122), 
       (166, 33), 
       (166, 122), 
       (167, 42), 
       (167, 122), 
       (168, 42), 
       (168, 122), 
       (169, 103), 
       (169, 147), 
       (170, 33), 
       (170, 103), 
       (171, 33), 
       (171, 103), 
       (172, 33), 
       (172, 103), 
       (173, 33), 
       (173, 103), 
       (174, 109), 
       (174, 125), 
       (175, 55), 
       (175, 109), 
       (176, 109), 
       (176, 125), 
       (177, 50), 
       (177, 114), 
       (178, 89), 
       (178, 114), 
       (179, 114), 
       (179, 116), 
       (180, 89), 
       (180, 116), 
       (181, 89), 
       (181, 116), 
       (182, 90), 
       (182, 120), 
       (183, 90), 
       (183, 120), 
       (184, 90), 
       (184, 120), 
       (185, 57), 
       (185, 126), 
       (186, 57), 
       (186, 123), 
       (187, 57), 
       (187, 126), 
       (188, 123), 
       (188, 126), 
       (189, 110), 
       (189, 130), 
       (190, 75), 
       (190, 130), 
       (191, 75), 
       (191, 110), 
       (192, 6), 
       (192, 72), 
       (193, 92), 
       (193, 94), 
       (194, 6), 
       (194, 72), 
       (195, 92), 
       (195, 94), 
       (196, 6), 
       (196, 72), 
       (197, 37), 
       (197, 138), 
       (198, 37), 
       (198, 141), 
       (199, 22), 
       (199, 37), 
       (200, 22), 
       (200, 141), 
       (201, 22), 
       (201, 141), 
       (202, 32), 
       (202, 97), 
       (203, 24), 
       (203, 32), 
       (204, 24), 
       (204, 32), 
       (205, 89), 
       (205, 118), 
       (206, 89), 
       (206, 108), 
       (207, 108), 
       (207, 118), 
       (208, 13), 
       (208, 96), 
       (209, 13), 
       (209, 96), 
       (210, 13), 
       (210, 96), 
       (211, 27), 
       (211, 115), 
       (212, 27), 
       (212, 115), 
       (213, 27), 
       (213, 115), 
       (214, 50), 
       (214, 126), 
       (215, 85), 
       (215, 126), 
       (216, 50), 
       (216, 85), 
       (217, 42), 
       (217, 148), 
       (218, 42), 
       (218, 148), 
       (219, 42), 
       (219, 148), 
       (220, 4), 
       (220, 126), 
       (221, 4), 
       (221, 126), 
       (222, 6), 
       (222, 53), 
       (223, 6), 
       (223, 87), 
       (224, 6), 
       (224, 87), 
       (225, 53), 
       (225, 87), 
       (226, 90), 
       (226, 120), 
       (227, 1), 
       (227, 132), 
       (228, 1), 
       (228, 132), 
       (229, 1), 
       (229, 132), 
       (230, 22), 
       (230, 141), 
       (231, 22), 
       (231, 82), 
       (232, 22), 
       (232, 82), 
       (233, 162), 
       (234, 149), 
       (234, 212), 
       (235, 188), 
       (235, 205), 
       (236, 172), 
       (236, 217), 
       (237, 155), 
       (237, 209), 
       (238, 201), 
       (238, 210), 
       (239, 164), 
       (239, 200), 
       (240, 153), 
       (240, 210), 
       (241, 153), 
       (241, 210), 
       (242, 178), 
       (242, 211), 
       (243, 178), 
       (243, 211), 
       (244, 178), 
       (244, 211), 
       (245, 178), 
       (245, 211), 
       (246, 178), 
       (246, 211), 
       (247, 178), 
       (247, 211), 
       (248, 198), 
       (248, 208), 
       (249, 206), 
       (249, 208), 
       (250, 178), 
       (250, 211), 
       (251, 178), 
       (251, 211), 
       (252, 157), 
       (252, 217), 
       (253, 157), 
       (253, 217), 
       (254, 157), 
       (254, 217), 
       (255, 144), 
       (255, 184), 
       (256, 144), 
       (256, 184), 
       (257, 144), 
       (257, 184), 
       (258, 161), 
       (258, 174), 
       (259, 159), 
       (259, 160), 
       (260, 159), 
       (260, 160), 
       (261, 159), 
       (261, 160), 
       (262, 159), 
       (262, 160), 
       (263, 159), 
       (263, 160), 
       (264, 154), 
       (264, 165), 
       (265, 154), 
       (265, 165), 
       (266, 169), 
       (266, 171), 
       (267, 184), 
       (267, 204), 
       (268, 184), 
       (268, 204), 
       (269, 184), 
       (269, 204), 
       (270, 184), 
       (270, 204), 
       (271, 163), 
       (271, 194), 
       (272, 163), 
       (272, 194), 
       (273, 163), 
       (273, 194), 
       (274, 163), 
       (274, 194), 
       (275, 163), 
       (275, 194), 
       (276, 163), 
       (276, 194), 
       (277, 161), 
       (277, 194), 
       (278, 156), 
       (278, 160), 
       (279, 165), 
       (279, 193), 
       (280, 165), 
       (280, 193), 
       (281, 165), 
       (281, 193), 
       (282, 165), 
       (282, 193), 
       (283, 158), 
       (283, 169), 
       (284, 158), 
       (284, 169), 
       (285, 159), 
       (285, 202), 
       (286, 159), 
       (286, 202), 
       (287, 159), 
       (287, 202), 
       (288, 159), 
       (288, 202), 
       (289, 159), 
       (289, 202), 
       (290, 147), 
       (290, 199), 
       (291, 147), 
       (291, 199), 
       (292, 171), 
       (292, 207), 
       (293, 171), 
       (293, 207), 
       (294, 171), 
       (294, 207), 
       (295, 171), 
       (295, 207), 
       (296, 171), 
       (296, 207), 
       (297, 165), 
       (297, 185), 
       (298, 165), 
       (298, 185), 
       (299, 165), 
       (299, 185), 
       (300, 136), 
       (300, 193), 
       (301, 193), 
       (301, 214), 
       (302, 136), 
       (302, 214), 
       (303, 216), 
       (303, 218), 
       (304, 216), 
       (304, 218), 
       (305, 216), 
       (305, 218), 
       (306, 216), 
       (306, 218), 
       (307, 216), 
       (307, 218), 
       (308, 216), 
       (308, 218), 
       (309, 150), 
       (309, 203), 
       (310, 150), 
       (310, 203), 
       (311, 176), 
       (311, 202), 
       (312, 165), 
       (312, 190), 
       (313, 88), 
       (313, 165), 
       (314, 165), 
       (314, 190), 
       (315, 165), 
       (315, 190), 
       (316, 165), 
       (316, 190), 
       (317, 165), 
       (317, 190), 
       (318, 37), 
       (318, 165), 
       (319, 185), 
       (319, 199), 
       (320, 185), 
       (320, 199), 
       (321, 185), 
       (321, 199), 
       (322, 185), 
       (322, 199), 
       (323, 185), 
       (323, 199), 
       (324, 185), 
       (324, 199), 
       (325, 173), 
       (325, 193), 
       (326, 173), 
       (326, 193), 
       (327, 175), 
       (327, 204), 
       (328, 193), 
       (328, 204), 
       (329, 193), 
       (329, 204), 
       (330, 150), 
       (330, 197), 
       (331, 68), 
       (331, 218), 
       (332, 183), 
       (332, 207), 
       (333, 183), 
       (333, 207), 
       (334, 168), 
       (334, 207), 
       (335, 183), 
       (335, 207), 
       (336, 20), 
       (336, 213), 
       (337, 31), 
       (337, 216), 
       (338, 103), 
       (338, 203), 
       (339, 195), 
       (339, 203), 
       (340, 88), 
       (340, 150), 
       (341, 87), 
       (341, 170), 
       (342, 87), 
       (342, 170), 
       (343, 87), 
       (343, 170), 
       (344, 87), 
       (344, 170), 
       (345, 80), 
       (345, 192), 
       (346, 80), 
       (346, 192), 
       (347, 177), 
       (347, 194), 
       (348, 11), 
       (348, 143), 
       (349, 63), 
       (349, 190), 
       (350, 180), 
       (350, 183), 
       (351, 180), 
       (351, 183), 
       (352, 49), 
       (352, 187), 
       (353, 49), 
       (353, 187), 
       (354, 186), 
       (354, 196), 
       (355, 186), 
       (355, 196), 
       (356, 87), 
       (356, 215), 
       (357, 87), 
       (357, 215), 
       (358, 170), 
       (358, 181), 
       (359, 170), 
       (359, 181), 
       (360, 179), 
       (360, 187), 
       (361, 49), 
       (361, 182), 
       (362, 49), 
       (362, 189), 
       (363, 167), 
       (363, 189), 
       (364, 167), 
       (364, 189), 
       (365, 152), 
       (365, 196), 
       (366, 166), 
       (366, 186), 
       (367, 147), 
       (367, 170), 
       (368, 190), 
       (368, 191), 
       (369, 49), 
       (369, 151), 
       (370, 49), 
       (370, 151), 
       (371, 49), 
       (371, 151),
       (372, 16), 
       (372, 76),
       (373, 135), 
       (373, 140),
       (374, 43), 
       (374, 52);
       
